{"Hour":20,"delays":[173.0,82.0,218.0,205.0,237.0,160.0,103.0,224.0,118.0,71.0,-20.0,107.0,85.0,53.0,-21.0,243.0,216.0,154.0,311.0,285.0,-27.0,517.0,269.0,46.0,92.0,570.0,229.0,153.0,180.0,86.0,105.0,-24.0,320.0,13.0,24.0,58.0,223.0,140.0,36.0,284.0,293.0,356.0,26.0,1.0,57.0,259.0,-11.0,207.0,260.0,448.0,64.0,99.0,253.0,87.0,421.0,102.0,95.0,91.0,214.0,307.0,155.0,109.0,65.0,261.0,241.0,169.0,366.0,304.0,212.0,231.0,37.0,68.0,54.0,348.0,74.0,844.0,106.0,863.0,134.0,201.0,454.0,29.0,51.0,416.0,202.0,230.0,-32.0,52.0,270.0,-30.0,289.0,648.0,-5.0,288.0,167.0,101.0,112.0,258.0,185.0,341.0,60.0,93.0,279.0,198.0,-39.0,-18.0,43.0,165.0,777.0,193.0,252.0,232.0,264.0,75.0,186.0,266.0,-2.0,197.0,228.0,-31.0,27.0,729.0,254.0,755.0,123.0,408.0,115.0,30.0,177.0,255.0,244.0,-15.0,146.0,312.0,479.0,16.0,124.0,162.0,11.0,866.0,126.0,156.0,76.0,28.0,42.0,172.0,816.0,56.0,256.0,-4.0,59.0,117.0,12.0,116.0,187.0,533.0,104.0,111.0,136.0,143.0,77.0,9.0,-35.0,286.0,21.0,189.0,308.0,135.0,151.0,265.0,394.0,184.0,-36.0,80.0,233.0,-19.0,395.0,238.0,147.0,-13.0,81.0,62.0,63.0,183.0,-23.0,-17.0,23.0,213.0,8.0,166.0,97.0,429.0,319.0,217.0,7.0,-12.0,168.0,49.0,336.0,-3.0,161.0,18.0,345.0,50.0,89.0,362.0,149.0,131.0,175.0,4.0,225.0,-26.0,234.0,192.0,5.0,220.0,425.0,174.0,195.0,88.0,245.0,34.0,378.0,78.0,294.0,90.0,-33.0,371.0,515.0,10.0,139.0,125.0,0.0,142.0,215.0,-28.0,617.0,164.0,251.0,47.0,119.0,129.0,-6.0,2.0,73.0,310.0,235.0,100.0,152.0,150.0,98.0,200.0,211.0,48.0,191.0,182.0,447.0,188.0,208.0,132.0,44.0,273.0,3.0,145.0,55.0,451.0,-29.0,120.0,315.0,14.0,69.0,-25.0,-34.0,158.0,385.0,70.0,-10.0,301.0,171.0,190.0,32.0,-1.0,246.0,296.0,295.0,39.0,144.0,206.0,133.0,19.0,340.0,170.0,-8.0,141.0,433.0,323.0,66.0,122.0,25.0,355.0,157.0,40.0,178.0,83.0,373.0,137.0,6.0,248.0,-22.0,292.0,108.0,159.0,128.0,496.0,20.0,209.0,210.0,17.0,369.0,199.0,179.0,204.0,219.0,196.0,306.0,94.0,110.0,242.0,568.0,41.0,84.0,127.0,194.0,176.0,268.0,236.0,272.0,121.0,222.0,138.0,-9.0,15.0,79.0,-7.0,-16.0,281.0,313.0,324.0,560.0,250.0,22.0,358.0,262.0,221.0,-14.0,72.0,61.0,113.0,240.0,406.0,130.0,163.0,45.0,31.0,35.0,114.0,33.0,67.0,436.0,148.0,181.0,203.0,96.0,38.0],"relatives":[3.763800602208096E-4,0.0015055202408832385,2.0910003345600534E-4,2.0910003345600534E-4,4.182000669120107E-5,3.3456005352960856E-4,0.00117096018735363,8.364001338240214E-5,0.0010455001672800268,0.0019237203077952492,5.85480093676815E-4,0.0010455001672800268,0.0013800602208096353,0.0031783205085312814,3.3456005352960856E-4,1.2546002007360322E-4,1.6728002676480428E-4,6.691201070592171E-4,4.182000669120107E-5,4.182000669120107E-5,4.182000669120107E-5,4.182000669120107E-5,1.2546002007360322E-4,0.0033456005352960855,0.00117096018735363,4.182000669120107E-5,4.182000669120107E-5,4.600200736032118E-4,2.927400468384075E-4,0.0013382402141184342,7.527601204416192E-4,4.182000669120107E-5,4.182000669120107E-5,0.01012044161927066,0.006482101037136166,0.0025092004014720644,4.182000669120107E-5,6.691201070592171E-4,0.0048929407828705255,4.182000669120107E-5,4.182000669120107E-5,4.182000669120107E-5,0.006356641017062563,0.023962863834058212,0.0025928404148544662,8.364001338240214E-5,0.005018400802944129,3.3456005352960856E-4,4.182000669120107E-5,4.182000669120107E-5,0.0020073603211776514,0.0013800602208096353,4.182000669120107E-5,0.0015891602542656407,4.182000669120107E-5,0.0010455001672800268,0.0010036801605888257,0.00117096018735363,1.6728002676480428E-4,8.364001338240214E-5,2.927400468384075E-4,0.0012964202074272331,0.0021746403479424555,1.2546002007360322E-4,4.182000669120107E-5,5.018400802944129E-4,4.182000669120107E-5,4.182000669120107E-5,1.6728002676480428E-4,1.2546002007360322E-4,0.004474740715958514,0.0019237203077952492,0.002927400468384075,4.182000669120107E-5,0.0020910003345600537,4.182000669120107E-5,0.0015055202408832385,4.182000669120107E-5,0.0010873201739712277,1.6728002676480428E-4,4.182000669120107E-5,0.004976580796252928,0.003052860488457678,1.2546002007360322E-4,1.6728002676480428E-4,4.182000669120107E-5,4.182000669120107E-5,0.0033037805286048848,4.182000669120107E-5,8.364001338240214E-5,4.182000669120107E-5,4.182000669120107E-5,0.054993308798929406,4.182000669120107E-5,3.763800602208096E-4,0.0015055202408832385,9.618601538976246E-4,4.182000669120107E-5,2.5092004014720643E-4,4.182000669120107E-5,0.0022582803613248577,0.0010036801605888257,1.6728002676480428E-4,2.5092004014720643E-4,4.182000669120107E-5,6.273001003680161E-4,0.0032619605219136837,2.927400468384075E-4,4.182000669120107E-5,2.5092004014720643E-4,8.364001338240214E-5,8.364001338240214E-5,1.2546002007360322E-4,0.002132820341251255,1.6728002676480428E-4,8.364001338240214E-5,0.05440782870525259,2.0910003345600534E-4,4.182000669120107E-5,4.182000669120107E-5,0.0055620608899297425,4.182000669120107E-5,4.182000669120107E-5,4.182000669120107E-5,5.85480093676815E-4,4.182000669120107E-5,0.001212780194044831,0.005311140849782536,4.182000669120107E-4,8.364001338240214E-5,1.2546002007360322E-4,0.0015891602542656407,5.436600869856139E-4,4.182000669120107E-5,4.182000669120107E-5,0.008113081298093008,7.109401137504182E-4,1.6728002676480428E-4,0.010329541652726664,4.182000669120107E-5,6.691201070592171E-4,4.600200736032118E-4,0.0016728002676480427,0.005603880896620944,0.00351288056206089,4.182000669120107E-4,4.182000669120107E-5,0.0032619605219136837,8.364001338240214E-5,0.0548260287721646,0.002843760455001673,4.182000669120107E-4,0.010831381733021077,9.200401472064236E-4,2.927400468384075E-4,4.182000669120107E-5,0.0010455001672800268,5.436600869856139E-4,5.85480093676815E-4,4.600200736032118E-4,0.0019237203077952492,0.0117096018735363,8.364001338240214E-5,1.2546002007360322E-4,0.008405821344931416,2.927400468384075E-4,8.364001338240214E-5,7.527601204416192E-4,5.85480093676815E-4,4.182000669120107E-5,4.182000669120107E-5,3.763800602208096E-4,4.182000669120107E-5,0.001881900301104048,2.0910003345600534E-4,6.691201070592171E-4,4.182000669120107E-5,1.2546002007360322E-4,4.182000669120107E-4,0.002843760455001673,0.001756440281030445,0.0024673803947808633,0.002383740381398461,5.018400802944129E-4,1.2546002007360322E-4,8.782201405152225E-4,0.007151221144195383,2.5092004014720643E-4,0.011793241886918701,4.600200736032118E-4,0.0015473402475744396,8.364001338240214E-5,4.182000669120107E-5,8.364001338240214E-5,0.012002341920374707,0.0036383405821344933,2.927400468384075E-4,0.0036801605888256944,4.182000669120107E-5,0.05938440950150552,3.763800602208096E-4,0.008489461358313818,4.182000669120107E-5,0.0033874205419872866,0.001212780194044831,4.182000669120107E-5,5.436600869856139E-4,5.018400802944129E-4,2.0910003345600534E-4,0.015933422549347608,1.2546002007360322E-4,2.5092004014720643E-4,4.182000669120107E-5,1.2546002007360322E-4,0.015347942455670793,8.364001338240214E-5,4.182000669120107E-5,1.2546002007360322E-4,2.0910003345600534E-4,0.0012546002007360322,8.364001338240214E-5,0.00426564068250251,8.364001338240214E-5,0.001756440281030445,4.182000669120107E-5,0.001212780194044831,4.182000669120107E-5,4.182000669120107E-5,4.182000669120107E-5,0.012629642020742723,4.600200736032118E-4,4.600200736032118E-4,0.0467547674807628,4.600200736032118E-4,8.364001338240214E-5,8.364001338240214E-5,4.182000669120107E-5,4.600200736032118E-4,8.364001338240214E-5,0.0033456005352960855,4.600200736032118E-4,0.0010455001672800268,0.037721646035463366,0.019739043158246906,0.0019655403144864503,4.182000669120107E-5,2.0910003345600534E-4,6.691201070592171E-4,2.927400468384075E-4,3.763800602208096E-4,0.001212780194044831,2.5092004014720643E-4,1.6728002676480428E-4,0.00351288056206089,3.3456005352960856E-4,3.3456005352960856E-4,4.182000669120107E-5,1.6728002676480428E-4,4.182000669120107E-5,6.273001003680161E-4,0.004014720642355303,1.2546002007360322E-4,0.01727166276346604,7.945801271328204E-4,0.002969220475075276,4.182000669120107E-5,8.364001338240214E-5,5.436600869856139E-4,4.182000669120107E-5,0.009325861492137839,0.0022164603546336566,8.364001338240214E-5,4.182000669120107E-5,6.691201070592171E-4,4.182000669120107E-5,