{"Hour":23,"delays":[129.0,108.0,12.0,3.0,184.0,7.0,167.0,249.0,220.0,24.0,-1.0,141.0,209.0,340.0,71.0,-22.0,309.0,292.0,48.0,390.0,-5.0,268.0,76.0,107.0,47.0,645.0,90.0,152.0,127.0,195.0,398.0,96.0,25.0,65.0,23.0,263.0,112.0,153.0,648.0,-4.0,188.0,172.0,27.0,110.0,1.0,325.0,151.0,132.0,161.0,100.0,231.0,-12.0,156.0,60.0,338.0,51.0,199.0,116.0,-11.0,63.0,315.0,82.0,189.0,244.0,239.0,121.0,236.0,262.0,278.0,17.0,206.0,26.0,160.0,331.0,210.0,119.0,34.0,495.0,37.0,368.0,335.0,298.0,46.0,201.0,228.0,354.0,137.0,73.0,68.0,103.0,337.0,289.0,-10.0,20.0,312.0,211.0,-2.0,-13.0,179.0,197.0,254.0,-24.0,164.0,49.0,227.0,304.0,376.0,0.0,-21.0,87.0,203.0,113.0,377.0,285.0,247.0,101.0,169.0,-7.0,11.0,352.0,194.0,171.0,75.0,2.0,88.0,70.0,-3.0,267.0,126.0,240.0,92.0,347.0,327.0,293.0,253.0,13.0,41.0,207.0,196.0,214.0,329.0,135.0,148.0,222.0,-6.0,415.0,31.0,296.0,328.0,202.0,581.0,36.0,-42.0,128.0,77.0,142.0,-18.0,216.0,620.0,-8.0,243.0,-19.0,139.0,356.0,93.0,14.0,235.0,146.0,33.0,162.0,72.0,89.0,154.0,219.0,83.0,19.0,52.0,78.0,193.0,6.0,56.0,182.0,98.0,457.0,5.0,21.0,213.0,242.0,44.0,105.0,42.0,80.0,124.0,217.0,191.0,29.0,456.0,159.0,282.0,365.0,109.0,95.0,276.0,212.0,229.0,97.0,200.0,215.0,417.0,251.0,10.0,208.0,104.0,175.0,-14.0,145.0,287.0,79.0,50.0,221.0,190.0,130.0,125.0,58.0,166.0,277.0,259.0,62.0,-16.0,118.0,55.0,111.0,85.0,173.0,140.0,183.0,18.0,120.0,302.0,114.0,40.0,186.0,9.0,163.0,147.0,310.0,385.0,165.0,134.0,286.0,149.0,176.0,234.0,187.0,246.0,273.0,131.0,74.0,555.0,275.0,117.0,-17.0,432.0,168.0,16.0,177.0,185.0,-33.0,218.0,180.0,59.0,38.0,138.0,344.0,295.0,256.0,115.0,257.0,150.0,424.0,170.0,294.0,-9.0,99.0,143.0,106.0,350.0,358.0,223.0,316.0,233.0,181.0,32.0,245.0,232.0,28.0,67.0,155.0,226.0,237.0,61.0,174.0,57.0,64.0,4.0,157.0,158.0,230.0,123.0,192.0,122.0,178.0,54.0,284.0,301.0,-31.0,133.0,265.0,914.0,224.0,204.0,144.0,53.0,66.0,43.0,136.0,-15.0,84.0,102.0,260.0,311.0,45.0,283.0,94.0,241.0,69.0,86.0,91.0,306.0,205.0,8.0,35.0,363.0,15.0,22.0,258.0,198.0,30.0,299.0,39.0,324.0,81.0],"relatives":[8.649022660439371E-4,0.0017298045320878741,0.006400276768725134,0.013319494897076631,8.649022660439371E-4,0.009859885832900882,0.0017298045320878741,3.459609064175748E-4,5.189413596263622E-4,0.005189413596263622,0.04964539007092199,8.649022660439371E-4,6.919218128351496E-4,1.729804532087874E-4,0.0039785504238021106,1.729804532087874E-4,1.729804532087874E-4,1.729804532087874E-4,0.0039785504238021106,1.729804532087874E-4,0.04030444559764747,1.729804532087874E-4,0.0034596090641757483,0.002594706798131811,0.0031136481577581734,1.729804532087874E-4,0.003805569970593323,0.0019027849852966616,0.002248745891714236,8.649022660439371E-4,1.729804532087874E-4,0.0017298045320878741,0.0034596090641757483,0.0039785504238021106,0.003805569970593323,1.729804532087874E-4,0.0017298045320878741,8.649022660439371E-4,1.729804532087874E-4,0.03995848469122989,0.0012108631724615118,0.0013838436256702993,0.005535374502681197,0.0020757654385054488,0.01989275211901055,1.729804532087874E-4,8.649022660439371E-4,0.0020757654385054488,8.649022660439371E-4,0.002594706798131811,1.729804532087874E-4,0.006746237675142709,0.0015568240788790867,0.0036325895173845357,1.729804532087874E-4,0.0041515308770108976,0.0013838436256702993,0.0027676872513405985,0.005016433143054835,0.003286628610966961,1.729804532087874E-4,0.0020757654385054488,0.0015568240788790867,3.459609064175748E-4,6.919218128351496E-4,8.649022660439371E-4,3.459609064175748E-4,1.729804532087874E-4,1.729804532087874E-4,0.005016433143054835,0.0012108631724615118,0.002940667704549386,0.0012108631724615118,1.729804532087874E-4,8.649022660439371E-4,0.002594706798131811,0.0034596090641757483,1.729804532087874E-4,0.0031136481577581734,1.729804532087874E-4,1.729804532087874E-4,1.729804532087874E-4,0.0013838436256702993,6.919218128351496E-4,3.459609064175748E-4,1.729804532087874E-4,0.0015568240788790867,0.0041515308770108976,0.0017298045320878741,0.0015568240788790867,1.729804532087874E-4,1.729804532087874E-4,0.011243729458571182,0.005708354955889984,1.729804532087874E-4,8.649022660439371E-4,0.05068327279017471,0.0027676872513405985,0.0010378827192527244,0.0010378827192527244,3.459609064175748E-4,1.729804532087874E-4,5.189413596263622E-4,0.002594706798131811,0.0012108631724615118,1.729804532087874E-4,1.729804532087874E-4,0.04099636741048261,3.459609064175748E-4,0.0039785504238021106,5.189413596263622E-4,0.0031136481577581734,3.459609064175748E-4,1.729804532087874E-4,1.729804532087874E-4,0.0041515308770108976,6.919218128351496E-4,0.022141498010724788,0.009167964020065733,1.729804532087874E-4,3.459609064175748E-4,0.0010378827192527244,0.003286628610966961,0.014184397163120567,0.0036325895173845357,0.002940667704549386,0.047569624632416534,3.459609064175748E-4,0.0010378827192527244,6.919218128351496E-4,0.0017298045320878741,1.729804532087874E-4,8.649022660439371E-4,1.729804532087874E-4,1.729804532087874E-4,0.008476042207230583,0.002940667704549386,3.459609064175748E-4,5.189413596263622E-4,3.459609064175748E-4,3.459609064175748E-4,0.0013838436256702993,6.919218128351496E-4,3.459609064175748E-4,0.026984950700570835,1.729804532087874E-4,0.004497491783428472,1.729804532087874E-4,1.729804532087874E-4,3.459609064175748E-4,1.729804532087874E-4,0.002940667704549386,1.729804532087874E-4,0.0010378827192527244,0.004324511330219685,0.0012108631724615118,3.459609064175748E-4,3.459609064175748E-4,1.729804532087874E-4,0.017816986680505104,6.919218128351496E-4,3.459609064175748E-4,0.0012108631724615118,1.729804532087874E-4,0.002594706798131811,0.0069192181283514965,1.729804532087874E-4,0.0010378827192527244,0.0031136481577581734,0.0020757654385054488,0.0034596090641757483,0.0031136481577581734,0.0015568240788790867,5.189413596263622E-4,0.0036325895173845357,0.006573257221933922,0.003286628610966961,0.0024217263449230237,6.919218128351496E-4,0.010897768552153606,0.0020757654385054488,3.459609064175748E-4,0.0015568240788790867,1.729804532087874E-4,0.011416709911779968,0.004843452689846047,3.459609064175748E-4,1.729804532087874E-4,0.0027676872513405985,0.0027676872513405985,0.003286628610966961,0.0034596090641757483,0.0015568240788790867,3.459609064175748E-4,6.919218128351496E-4,0.0039785504238021106,1.729804532087874E-4,6.919218128351496E-4,1.729804532087874E-4,1.729804532087874E-4,0.0012108631724615118,0.0020757654385054488,5.189413596263622E-4,3.459609064175748E-4,3.459609064175748E-4,0.0020757654385054488,8.649022660439371E-4,6.919218128351496E-4,1.729804532087874E-4,1.729804532087874E-4,0.006227296315516347,6.919218128351496E-4,0.0017298045320878741,0.0017298045320878741,0.0017298045320878741,0.0012108631724615118,1.729804532087874E-4,0.003286628610966961,0.004843452689846047,5.189413596263622E-4,0.0012108631724615118,8.649022660439371E-4,8.649022660439371E-4,0.006054315862307559,8.649022660439371E-4,1.729804532087874E-4,5.189413596263622E-4,0.0034596090641757483,3.459609064175748E-4,0.002594706798131811,0.005016433143054835,0.002248745891714236,0.003286628610966961,0.0010378827192527244,0.0015568240788790867,3.459609064175748E-4,0.0041515308770108976,0.0020757654385054488,1.729804532087874E-4,0.0019027849852966616,0.0034596090641757483,0.0010378827192527244,0.007265179034769071,8.649022660439371E-4,8.649022660439371E-4,1.729804532087874E-4,1.729804532087874E-4,0.0015568240788790867,0.0010378827192527244,3.459609064175748E-4,0.0017298045320878741,3.459609064175748E-4,3.459609064175748E-4,3.459609064175748E-4,5.189413596263622E-4,1.729804532087874E-4,6.919218128351496E-4,0.003286628610966961,1.729804532087874E-4,5.189413596263622E-4,0.002248745891714236,0.0013838436256702993,1.729804532087874E-4,5.189413596263622E-4,0.005708354955889984,8.649022660439371E-4,3.459609064175748E-4,1.729804532087874E-4,3.459609064175748E-4,5.189413596263622E-4,0.002940667704549386,0.002940667704549386,0.0019027849852966616,1.729804532087874E-4,1.729804532087874E-4,3.459609064175748E-4,0.002248745891714236,1.729804532087874E-4,8.649022660439371E-4,1.729804532087874E-4,