{"Hour":24,"delays":[195.0,290.0,65.0,193.0,80.0,-5.0,82.0,30.0,95.0,-10.0,135.0,50.0,100.0,150.0,105.0,25.0,5.0,205.0,38.0,1.0,6.0,-3.0,85.0,206.0,177.0,130.0,45.0,115.0,217.0,200.0,125.0,141.0,120.0,2.0,110.0,140.0,285.0],"relatives":[0.014492753623188406,0.014492753623188406,0.014492753623188406,0.014492753623188406,0.014492753623188406,0.11594202898550725,0.014492753623188406,0.014492753623188406,0.014492753623188406,0.014492753623188406,0.014492753623188406,0.028985507246376812,0.028985507246376812,0.014492753623188406,0.014492753623188406,0.014492753623188406,0.043478260869565216,0.014492753623188406,0.014492753623188406,0.2463768115942029,0.014492753623188406,0.014492753623188406,0.028985507246376812,0.014492753623188406,0.014492753623188406,0.028985507246376812,0.014492753623188406,0.028985507246376812,0.014492753623188406,0.028985507246376812,0.014492753623188406,0.014492753623188406,0.014492753623188406,0.014492753623188406,0.028985507246376812,0.014492753623188406,0.014492753623188406],"distributions":[[-10.0,0.014492754],[-5.0,0.11594203],[-3.0,0.014492754],[1.0,0.24637681],[2.0,0.014492754],[5.0,0.04347826],[6.0,0.014492754],[25.0,0.014492754],[30.0,0.014492754],[38.0,0.014492754],[45.0,0.014492754],[50.0,0.028985508],[65.0,0.014492754],[80.0,0.014492754],[82.0,0.014492754],[85.0,0.028985508],[95.0,0.014492754],[100.0,0.028985508],[105.0,0.014492754],[110.0,0.028985508],[115.0,0.028985508],[120.0,0.014492754],[125.0,0.014492754],[130.0,0.028985508],[135.0,0.014492754],[140.0,0.014492754],[141.0,0.014492754],[150.0,0.014492754],[177.0,0.014492754],[193.0,0.014492754],[195.0,0.014492754],[200.0,0.028985508],[205.0,0.014492754],[206.0,0.014492754],[217.0,0.014492754],[285.0,0.014492754],[290.0,0.014492754]],"quartiles":[-10.0,1.0,38.0,120.0,290.0]}
