{"Hour":10,"delays":[70.0,261.0,25.0,-13.0,8.0,162.0,308.0,201.0,185.0,-1.0,98.0,129.0,108.0,73.0,57.0,187.0,50.0,47.0,112.0,132.0,41.0,12.0,120.0,-25.0,5.0,142.0,143.0,219.0,101.0,96.0,107.0,113.0,1009.0,125.0,83.0,26.0,190.0,213.0,255.0,33.0,58.0,48.0,67.0,79.0,117.0,156.0,302.0,2.0,-14.0,163.0,230.0,122.0,64.0,81.0,121.0,62.0,151.0,99.0,199.0,349.0,198.0,13.0,194.0,247.0,69.0,193.0,197.0,94.0,23.0,7.0,35.0,34.0,232.0,38.0,128.0,1235.0,-3.0,164.0,235.0,175.0,90.0,144.0,285.0,36.0,138.0,280.0,88.0,-4.0,103.0,3.0,37.0,68.0,86.0,157.0,72.0,66.0,154.0,82.0,-15.0,102.0,24.0,159.0,126.0,-11.0,95.0,75.0,16.0,65.0,167.0,19.0,11.0,105.0,-18.0,114.0,133.0,188.0,178.0,195.0,-9.0,42.0,252.0,180.0,245.0,234.0,127.0,202.0,-2.0,294.0,209.0,43.0,-19.0,289.0,0.0,71.0,59.0,92.0,52.0,236.0,208.0,-10.0,161.0,171.0,168.0,30.0,140.0,270.0,170.0,139.0,40.0,39.0,119.0,6.0,-5.0,15.0,74.0,262.0,53.0,22.0,80.0,60.0,89.0,-8.0,176.0,21.0,204.0,131.0,241.0,56.0,238.0,109.0,17.0,179.0,205.0,196.0,222.0,172.0,274.0,54.0,141.0,240.0,136.0,266.0,145.0,14.0,216.0,78.0,165.0,283.0,271.0,49.0,44.0,84.0,93.0,317.0,169.0,29.0,115.0,248.0,134.0,130.0,124.0,45.0,116.0,118.0,18.0,77.0,4.0,-7.0,149.0,106.0,87.0,51.0,267.0,110.0,123.0,200.0,231.0,10.0,135.0,-17.0,148.0,158.0,150.0,100.0,97.0,27.0,32.0,111.0,186.0,177.0,61.0,288.0,91.0,31.0,323.0,85.0,28.0,137.0,206.0,-6.0,152.0,212.0,189.0,239.0,-16.0,63.0,192.0,20.0,46.0,-20.0,174.0,-22.0,223.0,1.0,76.0,153.0,104.0,55.0,173.0,217.0,-12.0,147.0,928.0,9.0,146.0],"relatives":[5.050823915651241E-4,3.1567649472820256E-5,0.003251467895700486,0.003914388534629712,0.010575162573394786,1.5783824736410128E-4,3.1567649472820256E-5,6.313529894564051E-5,3.1567649472820256E-5,0.07421554391060042,2.5254119578256204E-4,1.2627059789128102E-4,2.8410884525538227E-4,5.050823915651241E-4,8.207588862933266E-4,6.313529894564051E-5,0.0012627059789128102,0.0011995706799671697,2.209735463097418E-4,1.2627059789128102E-4,0.0011995706799671697,0.007008018182966097,3.472441442010228E-4,3.1567649472820256E-5,0.015878527684828586,1.8940589683692153E-4,3.1567649472820256E-5,3.1567649472820256E-5,4.735147420923038E-4,5.682176905107645E-4,2.5254119578256204E-4,9.470294841846077E-5,3.1567649472820256E-5,1.8940589683692153E-4,3.472441442010228E-4,0.002588547256771261,6.313529894564051E-5,6.313529894564051E-5,3.1567649472820256E-5,0.002146600164151777,7.891912368205063E-4,0.0013889765768040911,6.944882884020456E-4,4.103794431466633E-4,9.470294841846077E-5,6.313529894564051E-5,3.1567649472820256E-5,0.021907948734137254,0.0034408737925374078,3.1567649472820256E-5,3.1567649472820256E-5,9.470294841846077E-5,5.050823915651241E-4,6.629206389292253E-4,1.2627059789128102E-4,5.997853399835848E-4,1.2627059789128102E-4,3.472441442010228E-4,9.470294841846077E-5,3.1567649472820256E-5,3.1567649472820256E-5,0.007734074120840962,6.313529894564051E-5,9.470294841846077E-5,6.313529894564051E-4,3.1567649472820256E-5,3.1567649472820256E-5,1.5783824736410128E-4,0.003251467895700486,0.010953974367068627,0.001988761916787676,0.002272870762043058,3.1567649472820256E-5,0.0015468148241681923,1.2627059789128102E-4,3.1567649472820256E-5,0.09085169518277669,1.5783824736410128E-4,3.1567649472820256E-5,6.313529894564051E-5,5.050823915651241E-4,3.1567649472820256E-5,3.1567649472820256E-5,0.0019256266178420355,1.5783824736410128E-4,3.1567649472820256E-5,1.2627059789128102E-4,0.08450659763873981,2.8410884525538227E-4,0.018530210240545488,0.0015783824736410126,7.576235873476861E-4,4.419470926194836E-4,9.470294841846077E-5,3.7881179367384307E-4,6.313529894564051E-4,9.470294841846077E-5,6.313529894564051E-4,0.001609950123113833,6.313529894564051E-5,0.0027779531536081823,1.8940589683692153E-4,1.2627059789128102E-4,0.009817538986047099,2.8410884525538227E-4,3.7881179367384307E-4,0.005334932760906623,4.103794431466633E-4,9.470294841846077E-5,0.004482606225140476,0.008239156512406086,1.8940589683692153E-4,4.419470926194836E-4,2.5254119578256204E-4,1.8940589683692153E-4,3.1567649472820256E-5,9.470294841846077E-5,9.470294841846077E-5,0.022949681166740326,0.0011680030304943494,3.1567649472820256E-5,3.1567649472820256E-5,6.313529894564051E-5,3.1567649472820256E-5,1.8940589683692153E-4,9.470294841846077E-5,0.08425405644295726,3.1567649472820256E-5,6.313529894564051E-5,0.0011995706799671697,3.472441442010228E-4,6.313529894564051E-5,0.06442957257402614,8.523265357661469E-4,0.0010101647831302482,3.1567649472820256E-4,8.838941852389672E-4,6.313529894564051E-5,3.1567649472820256E-5,0.020392701559441884,1.2627059789128102E-4,6.313529894564051E-5,3.1567649472820256E-5,0.002967359050445104,1.8940589683692153E-4,3.1567649472820256E-5,9.470294841846077E-5,9.470294841846077E-5,0.0014205442262769114,0.0015152471746953723,3.1567649472820256E-4,0.013763495170149631,0.08015026201149063,0.005271797461960982,4.103794431466633E-4,3.1567649472820256E-5,8.207588862933266E-4,0.0040722267819938126,8.207588862933266E-4,0.0010417324326030685,4.103794431466633E-4,0.02866342572132079,6.313529894564051E-5,0.0034408737925374078,1.5783824736410128E-4,1.8940589683692153E-4,3.1567649472820256E-5,5.682176905107645E-4,3.1567649472820256E-5,2.5254119578256204E-4,0.004766715070395858,9.470294841846077E-5,6.313529894564051E-5,6.313529894564051E-5,9.470294841846077E-5,1.2627059789128102E-4,3.1567649472820256E-5,0.0010417324326030685,1.2627059789128102E-4,9.470294841846077E-5,9.470294841846077E-5,3.1567649472820256E-5,1.5783824736410128E-4,0.006597638739819433,9.470294841846077E-5,4.735147420923038E-4,6.313529894564051E-5,3.1567649472820256E-5,6.313529894564051E-5,8.207588862933266E-4,0.0011048677315487088,4.419470926194836E-4,3.472441442010228E-4,3.1567649472820256E-5,6.313529894564051E-5,0.0029357914009722837,2.209735463097418E-4,3.1567649472820256E-5,1.2627059789128102E-4,9.470294841846077E-5,9.470294841846077E-5,0.0012942736283856305,1.2627059789128102E-4,1.5783824736410128E-4,0.0048298503693414985,3.1567649472820256E-4,0.017993560199507545,0.04343708567460067,1.2627059789128102E-4,3.7881179367384307E-4,5.050823915651241E-4,0.0011048677315487088,3.1567649472820256E-5,2.209735463097418E-4,2.5254119578256204E-4,3.1567649472820256E-5,6.313529894564051E-5,0.009375591893427616,3.1567649472820256E-5,7.576235873476861E-4,6.313529894564051E-5,6.313529894564051E-5,9.470294841846077E-5,1.8940589683692153E-4,3.1567649472820256E-4,0.002272870762043058,0.0021781678136245973,2.209735463097418E-4,3.1567649472820256E-5,9.470294841846077E-5,5.682176905107645E-4,3.1567649472820256E-5,3.472441442010228E-4,0.002272870762043058,3.1567649472820256E-5,2.8410884525538227E-4,0.002841088452553823,1.2627059789128102E-4,6.313529894564051E-5,0.05770566323631542,6.313529894564051E-5,6.313529894564051E-5,3.1567649472820256E-5,3.1567649472820256E-5,0.0010101647831302482,0.0011048677315487088,3.1567649472820256E-5,0.004293200328303554,0.0012942736283856305,3.472441442010228E-4,3.1567649472820256E-5,3.1567649472820256E-5,3.1567649472820256E-5,0.030715322937054108,5.050823915651241E-4,6.313529894564051E-5,1.8940589683692153E-4,9.78597133657428E-4,6.313529894564051E-5,3.1567649472820256E-5,0.006502935791400972,2.209735463097418E-4,3.1567649472820256E-5,0.008902077151335312,3.1567649472820256E-5],