{"Hour":22,"delays":[9.0,73.0,165.0,144.0,157.0,4.0,63.0,455.0,272.0,67.0,363.0,226.0,78.0,306.0,191.0,356.0,6.0,220.0,206.0,61.0,126.0,59.0,50.0,54.0,7.0,175.0,60.0,330.0,235.0,81.0,156.0,324.0,183.0,46.0,314.0,192.0,155.0,113.0,125.0,12.0,325.0,273.0,317.0,343.0,-5.0,199.0,204.0,133.0,92.0,375.0,158.0,96.0,274.0,3.0,152.0,167.0,-18.0,374.0,347.0,-11.0,103.0,136.0,39.0,33.0,65.0,203.0,225.0,223.0,221.0,202.0,335.0,259.0,43.0,101.0,292.0,322.0,341.0,150.0,222.0,130.0,237.0,10.0,162.0,146.0,32.0,251.0,99.0,131.0,230.0,77.0,209.0,907.0,86.0,321.0,261.0,24.0,23.0,154.0,-1.0,55.0,318.0,137.0,214.0,309.0,16.0,441.0,75.0,132.0,417.0,160.0,74.0,371.0,409.0,84.0,104.0,285.0,166.0,298.0,197.0,151.0,217.0,215.0,210.0,14.0,107.0,198.0,94.0,26.0,47.0,18.0,128.0,36.0,329.0,247.0,30.0,119.0,386.0,379.0,195.0,271.0,8.0,239.0,287.0,350.0,64.0,90.0,260.0,147.0,180.0,76.0,459.0,57.0,25.0,189.0,118.0,143.0,-12.0,82.0,53.0,109.0,241.0,255.0,176.0,68.0,-15.0,424.0,323.0,382.0,258.0,37.0,207.0,179.0,288.0,229.0,108.0,522.0,193.0,268.0,58.0,250.0,300.0,0.0,71.0,-3.0,308.0,172.0,547.0,184.0,367.0,-17.0,319.0,83.0,97.0,48.0,2.0,52.0,117.0,89.0,-6.0,141.0,35.0,134.0,70.0,316.0,249.0,79.0,124.0,168.0,169.0,399.0,248.0,116.0,242.0,-22.0,41.0,121.0,129.0,102.0,185.0,173.0,481.0,114.0,211.0,362.0,111.0,290.0,148.0,-23.0,93.0,123.0,315.0,1.0,163.0,336.0,29.0,208.0,-16.0,15.0,66.0,277.0,-2.0,69.0,264.0,127.0,91.0,45.0,188.0,267.0,174.0,303.0,11.0,142.0,56.0,112.0,161.0,149.0,205.0,231.0,301.0,243.0,80.0,305.0,213.0,-20.0,181.0,159.0,351.0,19.0,373.0,21.0,22.0,98.0,27.0,115.0,95.0,196.0,244.0,310.0,299.0,408.0,17.0,153.0,302.0,-4.0,34.0,100.0,240.0,187.0,-24.0,105.0,282.0,62.0,201.0,390.0,224.0,44.0,88.0,270.0,190.0,732.0,313.0,-19.0,194.0,218.0,279.0,339.0,293.0,42.0,361.0,320.0,135.0,280.0,177.0,186.0,368.0,228.0,182.0,331.0,246.0,178.0,139.0,122.0,40.0,85.0,429.0,31.0,297.0,332.0,328.0,145.0,378.0,337.0,13.0,38.0,454.0,-21.0,357.0,472.0,170.0,291.0,256.0,110.0,438.0,-13.0,106.0,28.0,286.0,227.0,5.0,275.0,140.0,-9.0,311.0,72.0,238.0,51.0,20.0,-14.0,200.0,233.0,171.0,-7.0,87.0,257.0,120.0,219.0,-8.0,164.0,138.0,49.0,262.0,-10.0,384.0,252.0,216.0],"relatives":[0.012386850881372083,0.0015086549150389074,8.734317929172622E-4,9.528346831824678E-4,0.0010322375734476735,0.01715102429728442,0.0028585040495474035,7.940289026520565E-5,1.588057805304113E-4,0.002540892488486581,7.940289026520565E-5,3.176115610608226E-4,0.0023820867079561697,1.588057805304113E-4,5.558202318564396E-4,1.588057805304113E-4,0.013419088454819756,2.3820867079561695E-4,2.3820867079561695E-4,0.0019056693663649356,7.146260123868509E-4,0.0026202953787517864,0.00365253295219946,0.0028585040495474035,0.012942671113228521,4.764173415912339E-4,0.002540892488486581,7.940289026520565E-5,3.176115610608226E-4,0.0016674606955693187,3.176115610608226E-4,7.940289026520565E-5,4.764173415912339E-4,0.004049547403525489,7.940289026520565E-5,3.176115610608226E-4,7.146260123868509E-4,0.0010322375734476735,0.0011116404637128792,0.010639987295537558,7.940289026520565E-5,7.940289026520565E-5,1.588057805304113E-4,7.940289026520565E-5,0.04541845323169763,5.558202318564396E-4,5.558202318564396E-4,8.734317929172622E-4,0.0011910433539780848,7.940289026520565E-5,5.558202318564396E-4,0.0011116404637128792,2.3820867079561695E-4,0.018739082102588536,5.558202318564396E-4,8.734317929172622E-4,5.558202318564396E-4,7.940289026520565E-5,7.940289026520565E-5,0.0064316341114816575,0.0011910433539780848,0.0010322375734476735,0.004287756074321105,0.005081784976973162,0.0023820867079561697,5.558202318564396E-4,3.9701445132602826E-4,7.940289026520565E-5,3.176115610608226E-4,4.764173415912339E-4,7.940289026520565E-5,7.940289026520565E-5,0.003414324281403843,0.0010322375734476735,1.588057805304113E-4,7.940289026520565E-5,1.588057805304113E-4,9.528346831824678E-4,5.558202318564396E-4,0.0011910433539780848,2.3820867079561695E-4,0.011037001746863586,6.352231221216452E-4,0.0010322375734476735,0.005240590757503573,1.588057805304113E-4,0.0014292520247737017,9.528346831824678E-4,7.940289026520565E-5,0.0016674606955693187,3.9701445132602826E-4,7.940289026520565E-5,0.0015086549150389074,7.940289026520565E-5,1.588057805304113E-4,0.006749245672542481,0.007146260123868509,4.764173415912339E-4,0.04549785612196284,0.00365253295219946,1.588057805304113E-4,0.0011116404637128792,3.176115610608226E-4,1.588057805304113E-4,0.00857551214864221,7.940289026520565E-5,0.0021438780371605525,9.528346831824678E-4,7.940289026520565E-5,8.734317929172622E-4,0.002064475146895347,7.940289026520565E-5,7.940289026520565E-5,0.0016674606955693187,0.0016674606955693187,7.940289026520565E-5,5.558202318564396E-4,7.940289026520565E-5,6.352231221216452E-4,9.528346831824678E-4,2.3820867079561695E-4,7.940289026520565E-5,2.3820867079561695E-4,0.008813720819437827,0.0014292520247737017,2.3820867079561695E-4,0.0011116404637128792,0.006590439892012069,0.004605367635381928,0.007622677465459742,7.146260123868509E-4,0.004605367635381928,7.940289026520565E-5,7.940289026520565E-5,0.004605367635381928,0.0012704462442432905,7.940289026520565E-5,7.940289026520565E-5,5.558202318564396E-4,7.940289026520565E-5,0.011195807527393997,4.764173415912339E-4,7.940289026520565E-5,7.940289026520565E-5,0.002540892488486581,9.528346831824678E-4,7.940289026520565E-5,7.940289026520565E-4,7.146260123868509E-4,0.002779101159282198,7.940289026520565E-5,0.0022232809274257584,0.007225663014133714,5.558202318564396E-4,0.0010322375734476735,4.764173415912339E-4,0.0033349213911386373,0.002064475146895347,0.0015086549150389074,9.528346831824678E-4,7.940289026520565E-5,2.3820867079561695E-4,9.528346831824678E-4,0.0017468635858345243,0.00182626647609973,7.940289026520565E-5,7.940289026520565E-5,7.940289026520565E-5,1.588057805304113E-4,0.004605367635381928,3.176115610608226E-4,3.9701445132602826E-4,7.940289026520565E-5,7.940289026520565E-5,0.0012704462442432905,7.940289026520565E-5,2.3820867079561695E-4,2.3820867079561695E-4,0.002779101159282198,2.3820867079561695E-4,2.3820867079561695E-4,0.04645069080514531,0.002302683817690964,0.05026202953787518,7.940289026520565E-5,9.528346831824678E-4,7.940289026520565E-5,1.588057805304113E-4,7.940289026520565E-5,4.764173415912339E-4,7.940289026520565E-5,0.0015086549150389074,0.0019056693663649356,0.0026202953787517864,0.01881848499285374,0.0030967127203430206,0.0011116404637128792,0.0013498491345084961,0.031919961886612676,7.940289026520565E-4,0.005240590757503573,8.734317929172622E-4,0.0019850722566301412,2.3820867079561695E-4,2.3820867079561695E-4,0.0017468635858345243,0.0012704462442432905,5.558202318564396E-4,8.734317929172622E-4,7.940289026520565E-5,1.588057805304113E-4,7.940289026520565E-4,1.588057805304113E-4,2.3820867079561695E-4,0.004128950293790694,0.00182626647609973,7.146260123868509E-4,0.0013498491345084961,6.352231221216452E-4,3.176115610608226E-4,7.940289026520565E-5,0.0013498491345084961,2.3820867079561695E-4,7.940289026520565E-5,7.146260123868509E-4,7.940289026520565E-5,9.528346831824678E-4,2.3820867079561695E-4,0.0011910433539780848,0.0016674606955693187,7.940289026520565E-5,0.024932507543274574,8.734317929172622E-4,1.588057805304113E-4,0.006352231221216452,6.352231221216452E-4,0.0013498491345084961,0.010719390185802763,0.0023820867079561697,1.588057805304113E-4,0.05145307289185326,0.00182626647609973,2.3820867079561695E-4,0.0011116404637128792,0.0015086549150389074,0.003890741622995077,3.176115610608226E-4,7.940289026520565E-5,6.352231221216452E-4,2.3820867079561695E-4,0.009925361283150707,8.734317929172622E-4,0.0013498491345084961,5.558202318564396E-4,8.734317929172622E-4,3.9701445132602826E-4,2.3820867079561695E-4,7.940289026520565E-5,1.588057805304113E-4,1.588057805304113E-4,0.0016674606955693187,7.940289026520565E-5,1.588057805304113E-4,4.764173415912339E-4,9.528346831824678E-4,7.146260123868509E-4,7.940289026520565E-5,0.008019691916785771,7.940289026520565E-5,0.006987454343338097,0.00730506590439892,0.0014292520247737017,0.00547879942829919,0.001588057805304113,