{"Hour":12,"delays":[280.0,167.0,75.0,-20.0,-14.0,186.0,31.0,1.0,4.0,150.0,262.0,345.0,28.0,76.0,58.0,139.0,156.0,-8.0,83.0,371.0,131.0,87.0,165.0,291.0,107.0,29.0,-15.0,46.0,182.0,57.0,39.0,166.0,95.0,181.0,275.0,119.0,388.0,289.0,147.0,117.0,178.0,220.0,232.0,2.0,-30.0,122.0,63.0,-6.0,219.0,17.0,151.0,399.0,47.0,-13.0,-16.0,174.0,176.0,130.0,272.0,413.0,99.0,331.0,104.0,143.0,401.0,415.0,-2.0,14.0,30.0,216.0,245.0,373.0,358.0,114.0,53.0,112.0,7.0,33.0,42.0,100.0,66.0,277.0,333.0,11.0,210.0,77.0,-5.0,55.0,276.0,191.0,266.0,36.0,103.0,136.0,102.0,236.0,356.0,125.0,405.0,62.0,362.0,80.0,239.0,158.0,192.0,-23.0,347.0,32.0,69.0,50.0,59.0,231.0,89.0,152.0,73.0,184.0,279.0,-7.0,38.0,-18.0,137.0,109.0,251.0,5.0,-10.0,54.0,237.0,273.0,149.0,249.0,-21.0,43.0,198.0,215.0,123.0,105.0,27.0,235.0,175.0,207.0,225.0,124.0,322.0,15.0,154.0,81.0,21.0,145.0,188.0,-9.0,92.0,78.0,142.0,199.0,226.0,0.0,45.0,-19.0,153.0,118.0,196.0,341.0,205.0,19.0,353.0,189.0,135.0,177.0,392.0,389.0,111.0,133.0,180.0,309.0,40.0,74.0,116.0,90.0,127.0,25.0,48.0,67.0,364.0,18.0,3.0,22.0,208.0,9.0,16.0,84.0,126.0,120.0,148.0,-17.0,213.0,346.0,227.0,361.0,52.0,-22.0,-3.0,173.0,436.0,35.0,438.0,88.0,217.0,49.0,8.0,430.0,179.0,385.0,23.0,37.0,304.0,343.0,113.0,183.0,86.0,98.0,82.0,240.0,-11.0,26.0,94.0,24.0,6.0,68.0,140.0,41.0,134.0,72.0,164.0,93.0,-24.0,218.0,70.0,13.0,233.0,221.0,295.0,51.0,365.0,265.0,171.0,60.0,129.0,101.0,206.0,10.0,110.0,169.0,349.0,64.0,172.0,132.0,254.0,155.0,157.0,230.0,71.0,159.0,106.0,327.0,146.0,12.0,128.0,161.0,209.0,339.0,44.0,144.0,160.0,121.0,214.0,85.0,56.0,170.0,288.0,292.0,193.0,228.0,446.0,61.0,269.0,313.0,20.0,303.0,97.0,108.0,-4.0,-12.0,34.0,141.0,200.0,162.0,138.0,410.0,79.0,163.0,270.0,-1.0,229.0,185.0,65.0,115.0,96.0,286.0,91.0,187.0,332.0,223.0],"relatives":[3.270218123548841E-5,1.6351090617744204E-4,6.867458059452565E-4,2.2891526864841886E-4,0.0024526635926616306,9.810654370646523E-5,0.002648876680074561,0.031328689623597895,0.01700513424245397,9.810654370646523E-5,6.540436247097682E-5,3.270218123548841E-5,0.004055070473200562,5.886392622387913E-4,0.0010791719807711174,1.3080872494195363E-4,1.3080872494195363E-4,0.02648876680074561,3.924261748258609E-4,3.270218123548841E-5,1.6351090617744204E-4,4.251283560613493E-4,9.810654370646523E-5,3.270218123548841E-5,3.924261748258609E-4,0.002910494129958468,0.001537002518067955,0.0011772785244775826,6.540436247097682E-5,8.82958893358187E-4,0.0018640243304228392,3.270218123548841E-5,4.905327185323261E-4,3.270218123548841E-5,3.270218123548841E-5,2.6161744988390727E-4,3.270218123548841E-5,3.270218123548841E-5,1.6351090617744204E-4,3.270218123548841E-4,3.270218123548841E-5,3.270218123548841E-5,3.270218123548841E-5,0.02361097485202263,3.270218123548841E-5,1.9621308741293045E-4,6.540436247097682E-4,0.05686909316851434,6.540436247097682E-5,0.006965564603159031,1.3080872494195363E-4,3.270218123548841E-5,0.0011445763432420943,0.003858857385787632,8.502567121226986E-4,9.810654370646523E-5,9.810654370646523E-5,6.540436247097682E-5,3.270218123548841E-5,3.270218123548841E-5,4.578305372968377E-4,6.540436247097682E-5,1.3080872494195363E-4,3.270218123548841E-5,3.270218123548841E-5,3.270218123548841E-5,0.08133032473265966,0.007161777690571961,0.0025507701363680956,3.270218123548841E-5,6.540436247097682E-5,3.270218123548841E-5,3.270218123548841E-5,3.270218123548841E-4,9.810654370646522E-4,3.5972399359037247E-4,0.01334248994407927,0.0026161744988390727,0.002092939599071258,1.6351090617744204E-4,9.810654370646522E-4,6.540436247097682E-5,3.270218123548841E-5,0.009123908564701265,6.540436247097682E-5,4.578305372968377E-4,0.07498610157297492,0.0010137676183001405,3.270218123548841E-5,3.270218123548841E-5,3.270218123548841E-5,0.0016678112430099088,3.270218123548841E-4,1.3080872494195363E-4,1.6351090617744204E-4,3.270218123548841E-5,6.540436247097682E-5,9.810654370646523E-5,3.270218123548841E-5,8.175545308872101E-4,6.540436247097682E-5,4.578305372968377E-4,3.270218123548841E-5,9.810654370646523E-5,6.540436247097682E-5,9.810654370646523E-5,3.270218123548841E-5,0.002485365773897119,8.175545308872101E-4,0.0011772785244775826,7.194479871807449E-4,3.270218123548841E-5,4.905327185323261E-4,3.270218123548841E-5,8.175545308872101E-4,9.810654370646523E-5,6.540436247097682E-5,0.039504234932469996,0.002027535236600281,2.9431963111939565E-4,2.9431963111939565E-4,1.6351090617744204E-4,3.270218123548841E-5,0.016907027698747506,0.01501030118708918,0.0010137676183001405,3.270218123548841E-5,6.540436247097682E-5,3.270218123548841E-5,6.540436247097682E-5,1.3080872494195363E-4,0.0015697046993034436,6.540436247097682E-5,9.810654370646523E-5,9.810654370646523E-5,4.251283560613493E-4,0.003531835573432748,3.270218123548841E-5,6.540436247097682E-5,3.270218123548841E-5,6.540436247097682E-5,2.9431963111939565E-4,3.270218123548841E-5,0.007129075509336473,1.3080872494195363E-4,3.5972399359037247E-4,0.0039896661107295854,6.540436247097682E-5,6.540436247097682E-5,0.019425095653880113,4.251283560613493E-4,5.232348997678145E-4,1.6351090617744204E-4,3.270218123548841E-5,6.540436247097682E-5,0.06311520978449263,0.0016351090617744203,1.6351090617744204E-4,6.540436247097682E-5,2.2891526864841886E-4,6.540436247097682E-5,3.270218123548841E-5,3.270218123548841E-5,0.005722881716210471,3.270218123548841E-5,9.810654370646523E-5,1.9621308741293045E-4,9.810654370646523E-5,3.270218123548841E-5,3.270218123548841E-5,2.6161744988390727E-4,2.6161744988390727E-4,3.270218123548841E-5,3.270218123548841E-5,0.002191046142777723,5.232348997678145E-4,3.270218123548841E-4,3.5972399359037247E-4,2.9431963111939565E-4,0.0037607508420811667,0.0013080872494195363,6.867458059452565E-4,3.270218123548841E-5,0.006507734065862193,0.020013734916118905,0.004349390104319958,3.270218123548841E-5,0.01108603943883057,0.006409627522155728,5.232348997678145E-4,2.6161744988390727E-4,1.3080872494195363E-4,2.2891526864841886E-4,6.540436247097682E-4,9.810654370646523E-5,3.270218123548841E-5,3.270218123548841E-5,3.270218123548841E-5,0.0012099807057130711,6.540436247097682E-5,0.0848948624873279,3.270218123548841E-5,3.270218123548841E-5,0.0025180679551326073,3.270218123548841E-5,3.5972399359037247E-4,3.270218123548841E-5,0.0015043003368324667,0.012950063769253409,3.270218123548841E-5,3.270218123548841E-5,3.270218123548841E-5,0.003924261748258609,0.002223748324013212,9.810654370646523E-5,3.270218123548841E-5,4.905327185323261E-4,3.270218123548841E-5,4.578305372968377E-4,2.2891526864841886E-4,4.578305372968377E-4,3.270218123548841E-5,0.007619608227868798,0.003139409398606887,3.270218123548841E-4,0.003924261748258609,0.015533536086856993,5.55937081003303E-4,3.270218123548841E-5,0.0014388959743614899,1.3080872494195363E-4,6.213414434742797E-4,1.6351090617744204E-4,4.578305372968377E-4,9.810654370646523E-5,3.270218123548841E-5,8.502567121226986E-4,0.00781582131528173,3.270218123548841E-5,6.540436247097682E-5,3.270218123548841E-5,0.0010791719807711174,3.270218123548841E-5,3.270218123548841E-5,1.3080872494195363E-4,8.502567121226986E-4,1.6351090617744204E-4,2.6161744988390727E-4,6.540436247097682E-5,0.010006867458059452,2.9431963111939565E-4,3.270218123548841E-5,3.270218123548841E-5,9.483632558291638E-4,9.810654370646523E-5,2.9431963111939565E-4,6.540436247097682E-5,1.6351090617744204E-4,1.3080872494195363E-4,3.270218123548841E-5,5.886392622387913E-4,1.3080872494195363E-4,3.924261748258609E-4,3.270218123548841E-5,6.540436247097682E-5,0.009581739101998103,2.6161744988390727E-4,6.540436247097682E-5,6.540436247097682E-5,3.270218123548841E-5,0.001929428692893816,6.540436247097682E-5,9.810654370646523E-5,2.6161744988390727E-4,9.810654370646523E-5,5.232348997678145E-4,9.483632558291638E-4,1.3080872494195363E-4,3.270218123548841E-5,6.540436247097682E-5,3.270218123548841E-5,1.3080872494195363E-4,3.270218123548841E-5,8.175545308872101E-4,3.270218123548841E-5,3.270218123548841E-5,0.004905327185323261,6.540436247097682E-5,4.251283560613493E-4,4.905327185323261E-4,0.07688282808463325,0.005624775172504006,0.0023872592301906535,