{"Hour":4,"delays":[-8.0,3.0,-4.0,1.0,178.0,39.0,-14.0,-15.0,9.0,25.0,-10.0,-16.0,441.0,70.0,-18.0,34.0,0.0,-3.0,31.0,-11.0,414.0,18.0,333.0,-13.0,80.0,46.0,20.0,35.0,8.0,82.0,73.0,-12.0,10.0,11.0,-1.0,-2.0,-17.0,219.0,-5.0,-7.0,-6.0,155.0,68.0,77.0,2.0,-9.0],"relatives":[0.0847145488029466,9.208103130755065E-4,0.10865561694290976,0.001841620626151013,9.208103130755065E-4,9.208103130755065E-4,0.003683241252302026,0.001841620626151013,9.208103130755065E-4,9.208103130755065E-4,0.0570902394106814,0.001841620626151013,9.208103130755065E-4,9.208103130755065E-4,9.208103130755065E-4,9.208103130755065E-4,0.004604051565377533,0.09852670349907919,9.208103130755065E-4,0.03038674033149171,9.208103130755065E-4,9.208103130755065E-4,9.208103130755065E-4,0.007366482504604052,9.208103130755065E-4,9.208103130755065E-4,9.208103130755065E-4,9.208103130755065E-4,9.208103130755065E-4,9.208103130755065E-4,9.208103130755065E-4,0.01565377532228361,9.208103130755065E-4,9.208103130755065E-4,0.06537753222836096,0.08195211786372007,0.001841620626151013,9.208103130755065E-4,0.1141804788213628,0.11878453038674033,0.11786372007366483,9.208103130755065E-4,0.001841620626151013,9.208103130755065E-4,0.001841620626151013,0.0570902394106814],"distributions":[[-18.0,9.2081033E-4],[-17.0,0.0018416207],[-16.0,0.0018416207],[-15.0,0.0018416207],[-14.0,0.0036832413],[-13.0,0.0073664826],[-12.0,0.015653776],[-11.0,0.03038674],[-10.0,0.057090238],[-9.0,0.057090238],[-8.0,0.08471455],[-7.0,0.11878453],[-6.0,0.11786372],[-5.0,0.114180475],[-4.0,0.10865562],[-3.0,0.0985267],[-2.0,0.08195212],[-1.0,0.06537753],[0.0,0.0046040514],[1.0,0.0018416207],[2.0,0.0018416207],[3.0,9.2081033E-4],[8.0,9.2081033E-4],[9.0,9.2081033E-4],[10.0,9.2081033E-4],[11.0,9.2081033E-4],[18.0,9.2081033E-4],[20.0,9.2081033E-4],[25.0,9.2081033E-4],[31.0,9.2081033E-4],[34.0,9.2081033E-4],[35.0,9.2081033E-4],[39.0,9.2081033E-4],[46.0,9.2081033E-4],[68.0,0.0018416207],[70.0,9.2081033E-4],[73.0,9.2081033E-4],[77.0,9.2081033E-4],[80.0,9.2081033E-4],[82.0,9.2081033E-4],[155.0,9.2081033E-4],[178.0,9.2081033E-4],[219.0,9.2081033E-4],[333.0,9.2081033E-4],[414.0,9.2081033E-4],[441.0,9.2081033E-4]],"quartiles":[-18.0,-8.0,-5.0,-3.0,441.0]}
