{"Hour":1,"delays":[176.0,223.0,30.0,117.0,98.0,89.0,125.0,204.0,80.0,133.0,18.0,360.0,309.0,154.0,6.0,233.0,187.0,40.0,192.0,164.0,146.0,0.0,-1.0,332.0,314.0,226.0,7.0,215.0,84.0,342.0,99.0,-9.0,486.0,59.0,221.0,240.0,96.0,107.0,62.0,453.0,69.0,212.0,-13.0,115.0,336.0,108.0,362.0,127.0,66.0,135.0,14.0,79.0,141.0,177.0,235.0,341.0,22.0,150.0,21.0,-5.0,94.0,-15.0,61.0,170.0,3.0,183.0,139.0,50.0,166.0,417.0,91.0,128.0,380.0,27.0,298.0,160.0,281.0,9.0,-10.0,55.0,73.0,182.0,252.0,148.0,5.0,19.0,8.0,78.0,372.0,198.0,428.0,13.0,37.0,95.0,51.0,10.0,269.0,86.0,23.0,63.0,11.0,209.0,97.0,68.0,93.0,184.0,29.0,2.0,137.0,168.0,325.0,120.0,174.0,345.0,49.0,34.0,200.0,263.0,196.0,56.0,70.0,113.0,155.0,17.0,35.0,26.0,100.0,194.0,-17.0,153.0,-11.0,178.0,340.0,-6.0,121.0,-8.0,280.0,43.0,36.0,77.0,244.0,16.0,297.0,191.0,144.0,53.0,202.0,352.0,112.0,165.0,126.0,431.0,15.0,286.0,20.0,264.0,262.0,359.0,-19.0,33.0,42.0,271.0,329.0,71.0,193.0,67.0,167.0,163.0,32.0,302.0,1.0,277.0,152.0,333.0,147.0,39.0,181.0,54.0,-7.0,-2.0,58.0,103.0,173.0,149.0,259.0,-16.0,222.0,292.0,88.0,52.0,197.0,195.0,64.0,130.0,276.0,124.0,-12.0,-4.0,41.0,205.0,169.0,-21.0,207.0,-22.0,46.0,247.0,143.0,47.0,72.0,179.0,83.0,-14.0,101.0,246.0,217.0,386.0,60.0,132.0,-3.0,116.0,65.0,25.0,106.0,24.0,81.0,416.0,12.0,216.0,92.0,238.0,38.0,75.0,239.0,74.0,4.0,118.0,102.0,140.0,48.0,28.0,138.0,339.0,44.0,218.0,279.0,190.0,334.0,123.0],"relatives":[0.0011682242990654205,0.002336448598130841,0.0035046728971962616,0.002336448598130841,0.0011682242990654205,0.0011682242990654205,0.0011682242990654205,0.002336448598130841,0.005841121495327103,0.002336448598130841,0.005841121495327103,0.0011682242990654205,0.0011682242990654205,0.0011682242990654205,0.015186915887850467,0.0011682242990654205,0.0011682242990654205,0.002336448598130841,0.002336448598130841,0.0011682242990654205,0.0011682242990654205,0.015186915887850467,0.03271028037383177,0.0011682242990654205,0.0011682242990654205,0.0011682242990654205,0.010514018691588784,0.002336448598130841,0.004672897196261682,0.0011682242990654205,0.002336448598130841,0.014018691588785047,0.0011682242990654205,0.0035046728971962616,0.0011682242990654205,0.0011682242990654205,0.0011682242990654205,0.0011682242990654205,0.0035046728971962616,0.0011682242990654205,0.004672897196261682,0.0011682242990654205,0.005841121495327103,0.002336448598130841,0.002336448598130841,0.0011682242990654205,0.0011682242990654205,0.0035046728971962616,0.0011682242990654205,0.0011682242990654205,0.008177570093457943,0.0011682242990654205,0.0011682242990654205,0.002336448598130841,0.0011682242990654205,0.0011682242990654205,0.002336448598130841,0.0011682242990654205,0.005841121495327103,0.02570093457943925,0.002336448598130841,0.0011682242990654205,0.004672897196261682,0.0011682242990654205,0.010514018691588784,0.002336448598130841,0.005841121495327103,0.0011682242990654205,0.0035046728971962616,0.0011682242990654205,0.002336448598130841,0.0011682242990654205,0.0011682242990654205,0.007009345794392523,0.0011682242990654205,0.0035046728971962616,0.0011682242990654205,0.009345794392523364,0.011682242990654205,0.0035046728971962616,0.0035046728971962616,0.007009345794392523,0.0011682242990654205,0.0011682242990654205,0.02453271028037383,0.012850467289719626,0.012850467289719626,0.0035046728971962616,0.0011682242990654205,0.0011682242990654205,0.0011682242990654205,0.009345794392523364,0.002336448598130841,0.002336448598130841,0.004672897196261682,0.015186915887850467,0.0011682242990654205,0.0011682242990654205,0.010514018691588784,0.0035046728971962616,0.008177570093457943,0.002336448598130841,0.0011682242990654205,0.0011682242990654205,0.0011682242990654205,0.0011682242990654205,0.012850467289719626,0.009345794392523364,0.002336448598130841,0.0011682242990654205,0.0011682242990654205,0.002336448598130841,0.002336448598130841,0.0011682242990654205,0.0035046728971962616,0.0011682242990654205,0.0011682242990654205,0.0011682242990654205,0.002336448598130841,0.002336448598130841,0.0035046728971962616,0.002336448598130841,0.002336448598130841,0.009345794392523364,0.004672897196261682,0.007009345794392523,0.002336448598130841,0.002336448598130841,0.0011682242990654205,0.0011682242990654205,0.008177570093457943,0.0011682242990654205,0.0011682242990654205,0.03271028037383177,0.002336448598130841,0.015186915887850467,0.0011682242990654205,0.0011682242990654205,0.004672897196261682,0.0011682242990654205,0.0011682242990654205,0.005841121495327103,0.0011682242990654205,0.0011682242990654205,0.0011682242990654205,0.002336448598130841,0.0011682242990654205,0.0011682242990654205,0.005841121495327103,0.0011682242990654205,0.002336448598130841,0.0011682242990654205,0.012850467289719626,0.0011682242990654205,0.010514018691588784,0.0011682242990654205,0.0011682242990654205,0.0011682242990654205,0.0011682242990654205,0.0011682242990654205,0.0035046728971962616,0.0011682242990654205,0.002336448598130841,0.002336448598130841,0.002336448598130841,0.0035046728971962616,0.002336448598130841,0.0011682242990654205,0.009345794392523364,0.0011682242990654205,0.010514018691588784,0.0011682242990654205,0.0011682242990654205,0.0011682242990654205,0.002336448598130841,0.0011682242990654205,0.0011682242990654205,0.0011682242990654205,0.02453271028037383,0.030373831775700934,0.005841121495327103,0.0011682242990654205,0.0011682242990654205,0.002336448598130841,0.0011682242990654205,0.0011682242990654205,0.0011682242990654205,0.0011682242990654205,0.0035046728971962616,0.002336448598130841,0.0011682242990654205,0.002336448598130841,0.002336448598130841,0.004672897196261682,0.0011682242990654205,0.0035046728971962616,0.004672897196261682,0.02102803738317757,0.0035046728971962616,0.0011682242990654205,0.0011682242990654205,0.002336448598130841,0.002336448598130841,0.0011682242990654205,0.007009345794392523,0.0011682242990654205,0.002336448598130841,0.0035046728971962616,0.004672897196261682,0.0011682242990654205,0.0011682242990654205,0.0035046728971962616,0.004672897196261682,0.0011682242990654205,0.0011682242990654205,0.0011682242990654205,0.002336448598130841,0.0011682242990654205,0.036214953271028034,0.0035046728971962616,0.008177570093457943,0.010514018691588784,0.0011682242990654205,0.005841121495327103,0.002336448598130841,0.0011682242990654205,0.007009345794392523,0.0011682242990654205,0.0035046728971962616,0.0011682242990654205,0.002336448598130841,0.002336448598130841,0.002336448598130841,0.002336448598130841,0.015186915887850467,0.0035046728971962616,0.002336448598130841,0.0011682242990654205,0.002336448598130841,0.0035046728971962616,0.0011682242990654205,0.0011682242990654205,0.0035046728971962616,0.0035046728971962616,0.002336448598130841,0.0011682242990654205,0.0011682242990654205,0.0035046728971962616],