{"Hour":14,"delays":[302.0,-27.0,331.0,104.0,22.0,52.0,119.0,-5.0,148.0,73.0,-3.0,139.0,28.0,54.0,100.0,79.0,505.0,319.0,108.0,-21.0,312.0,-2.0,101.0,275.0,151.0,146.0,348.0,-22.0,274.0,83.0,194.0,239.0,310.0,96.0,465.0,10.0,130.0,84.0,69.0,102.0,223.0,182.0,1878.0,158.0,283.0,20.0,180.0,149.0,365.0,41.0,43.0,304.0,163.0,290.0,170.0,92.0,198.0,318.0,93.0,471.0,12.0,-24.0,228.0,40.0,233.0,103.0,71.0,232.0,254.0,48.0,56.0,31.0,57.0,94.0,162.0,203.0,23.0,380.0,193.0,458.0,-7.0,39.0,67.0,235.0,-25.0,269.0,1.0,-4.0,-9.0,63.0,178.0,209.0,87.0,251.0,128.0,114.0,157.0,185.0,181.0,186.0,140.0,38.0,21.0,379.0,306.0,17.0,105.0,440.0,134.0,85.0,147.0,284.0,60.0,19.0,424.0,32.0,-6.0,125.0,177.0,263.0,273.0,116.0,112.0,152.0,81.0,211.0,37.0,215.0,202.0,90.0,197.0,391.0,-18.0,255.0,34.0,133.0,2.0,46.0,153.0,344.0,51.0,196.0,309.0,205.0,88.0,217.0,50.0,327.0,143.0,294.0,70.0,6.0,64.0,226.0,-12.0,160.0,115.0,405.0,187.0,137.0,248.0,164.0,76.0,220.0,5.0,199.0,291.0,44.0,176.0,183.0,15.0,240.0,97.0,213.0,224.0,-14.0,268.0,457.0,166.0,24.0,95.0,175.0,480.0,426.0,3.0,-8.0,301.0,229.0,-13.0,150.0,77.0,122.0,127.0,131.0,129.0,138.0,441.0,47.0,171.0,206.0,279.0,398.0,222.0,16.0,253.0,136.0,154.0,120.0,161.0,0.0,18.0,165.0,332.0,111.0,30.0,353.0,189.0,337.0,414.0,195.0,109.0,246.0,59.0,141.0,313.0,36.0,-20.0,247.0,145.0,80.0,234.0,13.0,241.0,78.0,113.0,260.0,135.0,225.0,35.0,98.0,292.0,117.0,107.0,167.0,192.0,74.0,42.0,121.0,26.0,207.0,216.0,218.0,49.0,91.0,62.0,25.0,124.0,-19.0,61.0,244.0,-17.0,201.0,33.0,204.0,-1.0,14.0,243.0,262.0,191.0,444.0,126.0,231.0,7.0,75.0,142.0,155.0,9.0,190.0,118.0,144.0,4.0,156.0,-10.0,8.0,65.0,565.0,72.0,123.0,174.0,58.0,29.0,68.0,159.0,-16.0,82.0,11.0,110.0,188.0,238.0,55.0,-15.0,221.0,132.0,-29.0,53.0,66.0,447.0,184.0,169.0,27.0,172.0,86.0,168.0,295.0,236.0,45.0,532.0,99.0,208.0,106.0,-11.0,179.0,89.0],"relatives":[3.5922120842014515E-5,7.184424168402903E-5,3.5922120842014515E-5,2.514548458941016E-4,0.005711617213880307,0.0016524175587326675,1.4368848336805806E-4,0.06293555571520942,2.1553272505208708E-4,0.0010058193835764063,0.07565198649328256,7.184424168402903E-5,0.0038795890509375672,0.0020834830088368415,3.232990875781306E-4,4.3106545010417415E-4,3.5922120842014515E-5,3.5922120842014515E-5,5.747539334722322E-4,1.0776636252604354E-4,3.5922120842014515E-5,0.07274229470507938,2.1553272505208708E-4,3.5922120842014515E-5,1.7961060421007257E-4,1.0776636252604354E-4,3.5922120842014515E-5,3.5922120842014515E-5,3.5922120842014515E-5,7.543645376823048E-4,7.184424168402903E-5,3.5922120842014515E-5,7.184424168402903E-5,5.029096917882032E-4,3.5922120842014515E-5,0.012644586536389108,3.951433292621596E-4,7.902866585243192E-4,0.0010417415044184208,4.669875709461887E-4,3.5922120842014515E-5,1.4368848336805806E-4,3.5922120842014515E-5,1.4368848336805806E-4,3.5922120842014515E-5,0.005927149938932395,7.184424168402903E-5,1.0776636252604354E-4,3.5922120842014515E-5,0.002514548458941016,0.002370859975572958,7.184424168402903E-5,1.7961060421007257E-4,3.5922120842014515E-5,1.0776636252604354E-4,7.902866585243192E-4,1.0776636252604354E-4,3.5922120842014515E-5,5.388318126302177E-4,3.5922120842014515E-5,0.011351390186076586,7.184424168402903E-5,7.184424168402903E-5,0.00255047057978303,7.184424168402903E-5,3.232990875781306E-4,0.0011495078669444645,7.184424168402903E-5,7.184424168402903E-5,0.0015805733170486385,0.001400962712838566,0.0035922120842014514,0.0012213521086284933,5.029096917882032E-4,7.184424168402903E-5,3.5922120842014515E-5,0.00510094115956606,3.5922120842014515E-5,7.184424168402903E-5,3.5922120842014515E-5,0.03297650693296932,0.0021912493713628855,6.825202959982757E-4,3.5922120842014515E-5,3.5922120842014515E-5,7.184424168402903E-5,0.031000790286658524,0.06627631295351677,0.017063007399956892,0.0012213521086284933,7.184424168402903E-5,1.0776636252604354E-4,6.465981751562612E-4,3.5922120842014515E-5,1.4368848336805806E-4,2.873769667361161E-4,1.0776636252604354E-4,7.184424168402903E-5,7.184424168402903E-5,1.0776636252604354E-4,1.7961060421007257E-4,0.0026223148214670595,0.005567928730512249,3.5922120842014515E-5,3.5922120842014515E-5,0.007615489618507077,5.747539334722322E-4,3.5922120842014515E-5,2.1553272505208708E-4,5.388318126302177E-4,7.184424168402903E-5,3.5922120842014515E-5,0.0010776636252604354,0.006717436597456714,3.5922120842014515E-5,0.00294561390904519,0.046842445577986926,2.514548458941016E-4,1.0776636252604354E-4,7.184424168402903E-5,1.0776636252604354E-4,3.5922120842014514E-4,3.951433292621596E-4,1.7961060421007257E-4,7.543645376823048E-4,1.0776636252604354E-4,0.002658236942309074,7.184424168402903E-5,7.184424168402903E-5,5.747539334722322E-4,3.5922120842014515E-5,3.5922120842014515E-5,3.5922120842014514E-4,3.5922120842014515E-5,0.0032689129966233204,1.4368848336805806E-4,0.025361017314462247,0.0016883396795746822,1.4368848336805806E-4,3.5922120842014515E-5,0.001544651196206624,3.5922120842014515E-5,3.5922120842014515E-5,1.0776636252604354E-4,6.825202959982757E-4,3.5922120842014515E-5,0.0015087290753646096,3.5922120842014515E-5,2.1553272505208708E-4,3.5922120842014515E-5,7.902866585243192E-4,0.016739708312378764,0.0011135857461024498,7.184424168402903E-5,0.005208707522092105,1.0776636252604354E-4,3.5922120842014514E-4,3.5922120842014515E-5,3.5922120842014515E-5,4.669875709461887E-4,3.5922120842014515E-5,7.184424168402903E-5,7.184424168402903E-4,3.5922120842014515E-5,0.01792513830016524,3.5922120842014515E-5,3.5922120842014515E-5,0.0022630936130469143,3.5922120842014515E-5,1.7961060421007257E-4,0.009878583231553991,3.5922120842014515E-5,5.388318126302177E-4,7.184424168402903E-5,3.5922120842014515E-5,0.0026223148214670595,1.0776636252604354E-4,3.5922120842014515E-5,1.7961060421007257E-4,0.004957252676198003,3.951433292621596E-4,7.184424168402903E-5,3.5922120842014515E-5,3.5922120842014515E-5,0.021445506142682664,0.025109562468568145,3.5922120842014515E-5,3.5922120842014515E-5,0.0035922120842014514,1.4368848336805806E-4,7.184424168402903E-4,1.4368848336805806E-4,1.4368848336805806E-4,3.951433292621596E-4,1.7961060421007257E-4,2.1553272505208708E-4,3.5922120842014515E-5,0.0018320281629427401,1.0776636252604354E-4,7.184424168402903E-5,3.5922120842014515E-5,3.5922120842014515E-5,3.5922120842014515E-5,0.008549464760399453,3.5922120842014515E-5,1.7961060421007257E-4,7.184424168402903E-5,2.873769667361161E-4,3.5922120842014515E-5,0.05948703211437603,0.006825202959982757,1.0776636252604354E-4,3.5922120842014515E-5,2.514548458941016E-4,0.003987355413463611,3.5922120842014515E-5,1.4368848336805806E-4,3.5922120842014515E-5,7.184424168402903E-5,3.5922120842014515E-5,2.873769667361161E-4,3.5922120842014515E-5,0.0010417415044184208,1.4368848336805806E-4,3.5922120842014515E-5,0.0020116387671528127,1.0776636252604354E-4,3.5922120842014515E-5,1.0776636252604354E-4,7.184424168402903E-4,3.5922120842014515E-5,0.008908685968819599,3.5922120842014515E-5,6.825202959982757E-4,2.514548458941016E-4,3.5922120842014515E-5,1.0776636252604354E-4,3.5922120842014515E-5,0.0029815360298872046,2.873769667361161E-4,3.5922120842014515E-5,2.514548458941016E-4,3.951433292621596E-4,1.0776636252604354E-4,3.5922120842014515E-5,8.621309002083483E-4,0.0019397945254687836,1.7961060421007257E-4,0.004238810259357712,1.4368848336805806E-4,7.184424168402903E-5,7.184424168402903E-5,0.0020116387671528127,3.232990875781306E-4,0.001257274229470508,0.004741719951145916,3.232990875781306E-4,2.1553272505208708E-4,7.184424168402903E-4,7.184424168402903E-5,4.669875709461887E-4,1.4368848336805806E-4,0.0034485236008333932,3.5922120842014515E-5,0.06685106688698901,0.008477620518715425,3.5922120842014515E-5,3.5922120842014515E-5,1.7961060421007257E-4,3.5922120842014515E-5,1.7961060421007257E-4,3.5922120842014515E-5,0.01519505711617214,9.339751418923774E-4,1.0776636252604354E-4,1.0776636252604354E-4,0.013183418349019326,1.4368848336805806E-4,3.951433292621596E-4,2.1553272505208708E-4,0.020367842517422227,1.7961060421007257E-4,0.01591349953301243,0.014368848336805806,0.0010058193835764063,