{"Hour":18,"delays":[-11.0,332.0,13.0,158.0,143.0,192.0,300.0,-7.0,380.0,110.0,75.0,188.0,54.0,55.0,142.0,169.0,225.0,214.0,41.0,239.0,739.0,63.0,140.0,226.0,-26.0,119.0,183.0,56.0,234.0,288.0,281.0,94.0,227.0,163.0,283.0,260.0,146.0,273.0,65.0,168.0,735.0,62.0,228.0,318.0,141.0,177.0,19.0,123.0,58.0,222.0,114.0,180.0,233.0,71.0,43.0,242.0,144.0,424.0,277.0,53.0,73.0,191.0,193.0,39.0,150.0,131.0,167.0,241.0,212.0,125.0,2.0,749.0,-21.0,68.0,106.0,105.0,203.0,258.0,208.0,279.0,174.0,452.0,33.0,196.0,568.0,30.0,292.0,231.0,20.0,84.0,1.0,10.0,246.0,-31.0,622.0,659.0,74.0,488.0,16.0,314.0,173.0,-27.0,733.0,52.0,219.0,257.0,355.0,592.0,26.0,46.0,626.0,130.0,696.0,195.0,223.0,194.0,344.0,102.0,100.0,78.0,693.0,333.0,0.0,-8.0,85.0,12.0,98.0,369.0,-15.0,248.0,359.0,117.0,417.0,122.0,152.0,156.0,96.0,178.0,-10.0,7.0,297.0,254.0,286.0,151.0,28.0,-2.0,76.0,-4.0,-6.0,357.0,237.0,-9.0,155.0,4.0,305.0,335.0,374.0,103.0,-20.0,230.0,57.0,118.0,108.0,263.0,502.0,247.0,50.0,221.0,382.0,115.0,-18.0,92.0,104.0,326.0,190.0,38.0,185.0,37.0,189.0,202.0,215.0,598.0,160.0,36.0,113.0,101.0,426.0,175.0,72.0,66.0,80.0,184.0,77.0,217.0,211.0,253.0,126.0,220.0,198.0,31.0,-23.0,83.0,86.0,99.0,159.0,244.0,154.0,6.0,49.0,186.0,135.0,147.0,-12.0,111.0,224.0,21.0,14.0,216.0,315.0,25.0,153.0,138.0,256.0,475.0,132.0,82.0,107.0,232.0,89.0,207.0,679.0,88.0,124.0,289.0,44.0,87.0,262.0,313.0,29.0,269.0,157.0,116.0,218.0,161.0,81.0,35.0,200.0,17.0,97.0,45.0,164.0,266.0,187.0,205.0,3.0,-35.0,354.0,40.0,346.0,5.0,11.0,197.0,15.0,69.0,364.0,-3.0,18.0,240.0,278.0,145.0,296.0,-25.0,149.0,261.0,9.0,166.0,309.0,-22.0,64.0,51.0,238.0,-16.0,79.0,112.0,90.0,717.0,137.0,271.0,34.0,67.0,148.0,-17.0,162.0,229.0,339.0,285.0,250.0,129.0,282.0,-14.0,235.0,302.0,321.0,93.0,298.0,267.0,404.0,176.0,264.0,32.0,171.0,204.0,48.0,136.0,327.0,245.0,91.0,121.0,291.0,252.0,-19.0,477.0,95.0,182.0,652.0,165.0,134.0,181.0,319.0,270.0,60.0,109.0,59.0,367.0,139.0,170.0,301.0,201.0,128.0,23.0,127.0,172.0,209.0,179.0,70.0,236.0,120.0,342.0,-5.0,8.0,133.0,42.0,206.0,-13.0,330.0,61.0,290.0,47.0,24.0,22.0,371.0,210.0,-1.0,27.0],"relatives":[0.008926696072253729,7.001330252748022E-5,0.009941888958902191,2.1003990758244065E-4,3.500665126374011E-4,2.800532101099209E-4,7.001330252748022E-5,0.03259119232654204,3.500665126374011E-5,4.550864664286214E-4,0.0011902261429671637,2.4504655884618077E-4,0.002240425680879367,0.0019953791220331863,3.15059861373661E-4,3.15059861373661E-4,7.001330252748022E-5,3.500665126374011E-5,0.0027305187985717286,7.001330252748022E-5,3.500665126374011E-5,0.0014702793530770846,2.4504655884618077E-4,1.7503325631870056E-4,3.500665126374011E-5,4.550864664286214E-4,2.1003990758244065E-4,0.0022754323321431073,7.001330252748022E-5,7.001330252748022E-5,3.500665126374011E-5,7.701463278022825E-4,1.0501995379122033E-4,4.900931176923615E-4,3.500665126374011E-5,1.0501995379122033E-4,2.1003990758244065E-4,3.500665126374011E-5,0.0019953791220331863,2.4504655884618077E-4,3.500665126374011E-5,0.001540292655604565,7.001330252748022E-5,3.500665126374011E-5,4.550864664286214E-4,1.0501995379122033E-4,0.007701463278022824,3.500665126374011E-4,0.002100399075824407,2.1003990758244065E-4,5.601064202198418E-4,2.1003990758244065E-4,7.001330252748022E-5,0.0014002660505496045,0.002800532101099209,2.1003990758244065E-4,2.4504655884618077E-4,3.500665126374011E-5,3.500665126374011E-5,0.0023454456346705876,0.001960372470769446,2.1003990758244065E-4,7.001330252748022E-5,0.0036756983826927115,2.4504655884618077E-4,3.15059861373661E-4,7.001330252748022E-5,3.500665126374011E-5,1.0501995379122033E-4,4.900931176923615E-4,0.021074004060771548,3.500665126374011E-5,5.250997689561017E-4,0.0017503325631870056,7.701463278022825E-4,4.550864664286214E-4,1.4002660505496044E-4,3.500665126374011E-5,1.4002660505496044E-4,3.500665126374011E-5,1.4002660505496044E-4,3.500665126374011E-5,0.003780718336483932,1.4002660505496044E-4,3.500665126374011E-5,0.004970944479451096,3.500665126374011E-5,1.4002660505496044E-4,0.007246376811594203,9.101729328572428E-4,0.02856542743121193,0.011622208219561716,3.500665126374011E-5,3.500665126374011E-5,3.500665126374011E-5,3.500665126374011E-5,0.0014352727018133444,3.500665126374011E-5,0.008821676118462508,3.500665126374011E-5,2.1003990758244065E-4,1.0501995379122033E-4,1.0501995379122033E-4,0.002625498844780508,1.7503325631870056E-4,1.7503325631870056E-4,3.500665126374011E-5,3.500665126374011E-5,0.005461037597143457,0.0027305187985717286,3.500665126374011E-5,3.15059861373661E-4,3.500665126374011E-5,1.4002660505496044E-4,2.1003990758244065E-4,2.1003990758244065E-4,3.500665126374011E-5,4.550864664286214E-4,7.701463278022825E-4,0.0011202128404396835,3.500665126374011E-5,1.0501995379122033E-4,0.050899670937478124,0.02558986207379402,9.80186235384723E-4,0.00952180914373731,8.051529790660225E-4,3.500665126374011E-5,0.00315059861373661,1.0501995379122033E-4,7.001330252748022E-5,5.601064202198418E-4,3.500665126374011E-5,3.8507316390114124E-4,2.800532101099209E-4,2.800532101099209E-4,0.0010151928866484632,2.800532101099209E-4,0.017573338934397536,0.014072673808023524,7.001330252748022E-5,3.500665126374011E-5,3.500665126374011E-5,2.4504655884618077E-4,0.005461037597143457,0.058461107610445984,0.0012952460967583842,0.058671147518028426,0.04323321431071904,3.500665126374011E-5,3.500665126374011E-5,0.017433312329342573,3.8507316390114124E-4,0.017958412098298678,7.001330252748022E-5,7.001330252748022E-5,3.500665126374011E-5,4.200798151648813E-4,3.8507316390114124E-4,1.0501995379122033E-4,0.0024154589371980675,3.500665126374011E-4,5.951130714835818E-4,3.500665126374011E-5,3.500665126374011E-5,3.500665126374011E-5,0.0019953791220331863,1.4002660505496044E-4,7.001330252748022E-5,5.951130714835818E-4,6.651263740110621E-4,7.001330252748022E-4,4.550864664286214E-4,7.001330252748022E-5,3.500665126374011E-5,0.0029405587061541692,1.7503325631870056E-4,0.0038157249877476722,2.1003990758244065E-4,1.4002660505496044E-4,1.7503325631870056E-4,3.500665126374011E-5,7.001330252748022E-5,0.004305818105440034,5.250997689561017E-4,8.051529790660225E-4,3.500665126374011E-5,2.1003990758244065E-4,0.0010151928866484632,0.0017503325631870056,0.001260239445494644,2.1003990758244065E-4,0.0011552194917034237,1.0501995379122033E-4,7.001330252748022E-5,7.001330252748022E-5,6.651263740110621E-4,3.500665126374011E-5,1.4002660505496044E-4,0.0044458447104949944,2.1003990758244065E-4,0.0011202128404396835,0.0011552194917034237,8.401596303297626E-4,2.1003990758244065E-4,1.0501995379122033E-4,7.001330252748022E-5,0.015017853392144507,0.002625498844780508,2.1003990758244065E-4,2.1003990758244065E-4,2.1003990758244065E-4,0.0070713435552755026,4.900931176923615E-4,3.500665126374011E-5,0.007141356857802983,0.00924175593362739,1.4002660505496044E-4,3.500665126374011E-5,0.005776097458517118,2.1003990758244065E-4,3.8507316390114124E-4,3.500665126374011E-5,3.500665126374011E-5,5.250997689561017E-4,0.0013652593992858643,7.001330252748022E-4,1.0501995379122033E-4,9.80186235384723E-4,7.001330252748022E-5,7.001330252748022E-5,0.0010151928866484632,5.250997689561017E-4,3.500665126374011E-5,0.0029405587061541692,8.751662815935028E-4,7.001330252748022E-5,3.500665126374011E-5,0.004865924525659876,3.500665126374011E-5,2.1003990758244065E-4,5.601064202198418E-4,1.0501995379122033E-4,2.4504655884618077E-4,0.0011902261429671637,0.004130784849121333,2.1003990758244065E-4,0.0077364699292865645,8.751662815935028E-4,0.003780718336483932,4.900931176923615E-4,1.4002660505496044E-4,1.4002660505496044E-4,1.4002660505496044E-4,0.020478890989287964,3.500665126374011E-5,7.001330252748022E-5,0.003605685080165231,3.500665126374011E-5,0.017503325631870056,0.010747041937968214,7.001330252748022E-5,0.009171742631099909,0.001575299306868305,3.500665126374011E-5,0.058146047749072324,0.007981516488132745,1.4002660505496044E-4,1.0501995379122033E-4,4.200798151648813E-4,3.500665126374011E-5,1.7503325631870056E-4,1.7503325631870056E-4,7.001330252748022E-5,0.012217321291045299,3.500665126374011E-4,