{"Hour":2,"delays":[1.0,-4.0,41.0,-12.0,68.0,-5.0,205.0,22.0,31.0,174.0,125.0,81.0,176.0,-18.0,128.0,80.0,260.0,251.0,13.0,-1.0,37.0,29.0,358.0,66.0,7.0,84.0,175.0,-14.0,282.0,-19.0,140.0,-2.0,-10.0,122.0,410.0,117.0,179.0,268.0,56.0,114.0,88.0,108.0,259.0,15.0,18.0,240.0,303.0,42.0,30.0,25.0,58.0,178.0,119.0,196.0,-6.0,19.0,9.0,273.0,304.0,-3.0,3.0,53.0,91.0,93.0,235.0,23.0,105.0,726.0,158.0,45.0,131.0,85.0,11.0,302.0,221.0,165.0,177.0,17.0,161.0,96.0,39.0,2.0,-11.0,185.0,33.0,67.0,72.0,120.0,157.0,363.0,374.0,44.0,10.0,254.0,121.0,48.0,269.0,224.0,534.0,0.0,40.0,-9.0,216.0,63.0,214.0,187.0,14.0,32.0,124.0,86.0,198.0,127.0,-8.0,38.0,16.0,57.0,6.0,5.0,474.0,8.0,299.0,197.0,135.0,-7.0,142.0,308.0],"relatives":[0.014150943396226415,0.0330188679245283,0.009433962264150943,0.009433962264150943,0.0047169811320754715,0.03773584905660377,0.0047169811320754715,0.0047169811320754715,0.0047169811320754715,0.009433962264150943,0.0047169811320754715,0.0047169811320754715,0.0047169811320754715,0.0047169811320754715,0.0047169811320754715,0.0047169811320754715,0.009433962264150943,0.0047169811320754715,0.0047169811320754715,0.03773584905660377,0.0047169811320754715,0.0047169811320754715,0.0047169811320754715,0.0047169811320754715,0.014150943396226415,0.0047169811320754715,0.0047169811320754715,0.0047169811320754715,0.0047169811320754715,0.009433962264150943,0.0047169811320754715,0.02358490566037736,0.009433962264150943,0.009433962264150943,0.0047169811320754715,0.0047169811320754715,0.0047169811320754715,0.0047169811320754715,0.0047169811320754715,0.0047169811320754715,0.0047169811320754715,0.0047169811320754715,0.0047169811320754715,0.009433962264150943,0.0047169811320754715,0.0047169811320754715,0.0047169811320754715,0.0047169811320754715,0.018867924528301886,0.018867924528301886,0.0047169811320754715,0.0047169811320754715,0.0047169811320754715,0.0047169811320754715,0.02358490566037736,0.0047169811320754715,0.0047169811320754715,0.0047169811320754715,0.0047169811320754715,0.0330188679245283,0.009433962264150943,0.0047169811320754715,0.0047169811320754715,0.009433962264150943,0.0047169811320754715,0.0047169811320754715,0.014150943396226415,0.0047169811320754715,0.0047169811320754715,0.009433962264150943,0.0047169811320754715,0.0047169811320754715,0.0047169811320754715,0.0047169811320754715,0.0047169811320754715,0.0047169811320754715,0.0047169811320754715,0.0047169811320754715,0.0047169811320754715,0.0047169811320754715,0.0047169811320754715,0.009433962264150943,0.0047169811320754715,0.0047169811320754715,0.009433962264150943,0.0047169811320754715,0.0047169811320754715,0.009433962264150943,0.0047169811320754715,0.0047169811320754715,0.0047169811320754715,0.009433962264150943,0.0047169811320754715,0.0047169811320754715,0.0047169811320754715,0.0047169811320754715,0.0047169811320754715,0.0047169811320754715,0.0047169811320754715,0.02830188679245283,0.009433962264150943,0.014150943396226415,0.0047169811320754715,0.0047169811320754715,0.0047169811320754715,0.0047169811320754715,0.009433962264150943,0.0047169811320754715,0.0047169811320754715,0.0047169811320754715,0.0047169811320754715,0.009433962264150943,0.018867924528301886,0.009433962264150943,0.009433962264150943,0.0047169811320754715,0.02358490566037736,0.009433962264150943,0.0047169811320754715,0.0047169811320754715,0.0047169811320754715,0.0047169811320754715,0.0047169811320754715,0.02830188679245283,0.0047169811320754715,0.0047169811320754715],"distributions":[[-19.0,0.009433962],[-18.0,0.004716981],[-14.0,0.004716981],[-12.0,0.009433962],[-11.0,0.004716981],[-10.0,0.009433962],[-9.0,0.014150944],[-8.0,0.018867925],[-7.0,0.028301887],[-6.0,0.023584906],[-5.0,0.03773585],[-4.0,0.03301887],[-3.0,0.03301887],[-2.0,0.023584906],[-1.0,0.03773585],[0.0,0.028301887],[1.0,0.014150944],[2.0,0.009433962],[3.0,0.009433962],[5.0,0.009433962],[6.0,0.023584906],[7.0,0.014150944],[8.0,0.004716981],[9.0,0.004716981],[10.0,0.004716981],[11.0,0.004716981],[13.0,0.004716981],[14.0,0.009433962],[15.0,0.009433962],[16.0,0.009433962],[17.0,0.004716981],[18.0,0.004716981],[19.0,0.004716981],[22.0,0.004716981],[23.0,0.004716981],[25.0,0.018867925],[29.0,0.004716981],[30.0,0.018867925],[31.0,0.004716981],[32.0,0.004716981],[33.0,0.009433962],[37.0,0.004716981],[38.0,0.009433962],[39.0,0.004716981],[40.0,0.009433962],[41.0,0.009433962],[42.0,0.004716981],[44.0,0.009433962],[45.0,0.009433962],[48.0,0.004716981],[53.0,0.004716981],[56.0,0.004716981],[57.0,0.004716981],[58.0,0.004716981],[63.0,0.004716981],[66.0,0.004716981],[67.0,0.004716981],[68.0,0.004716981],[72.0,0.004716981],[80.0,0.004716981],[81.0,0.004716981],[84.0,0.004716981],[85.0,0.004716981],[86.0,0.004716981],[88.0,0.004716981],[91.0,0.004716981],[93.0,0.009433962],[96.0,0.004716981],[105.0,0.014150944],[108.0,0.004716981],[114.0,0.004716981],[117.0,0.004716981],[119.0,0.004716981],[120.0,0.009433962],[121.0,0.004716981],[122.0,0.009433962],[124.0,0.004716981],[125.0,0.004716981],[127.0,0.009433962],[128.0,0.004716981],[131.0,0.004716981],[135.0,0.004716981],[140.0,0.004716981],[142.0,0.004716981],[157.0,0.004716981],[158.0,0.004716981],[161.0,0.004716981],[165.0,0.004716981],[174.0,0.009433962],[175.0,0.004716981],[176.0,0.004716981],[177.0,0.004716981],[178.0,0.004716981],[179.0,0.004716981],[185.0,0.004716981],[187.0,0.004716981],[196.0,0.004716981],[197.0,0.004716981],[198.0,0.004716981],[205.0,0.004716981],[214.0,0.004716981],[216.0,0.004716981],[221.0,0.004716981],[224.0,0.004716981],[235.0,0.004716981],[240.0,0.004716981],[251.0,0.004716981],[254.0,0.004716981],[259.0,0.004716981],[260.0,0.009433962],[268.0,0.004716981],[269.0,0.004716981],[273.0,0.004716981],[282.0,0.004716981],[299.0,0.004716981],[302.0,0.004716981],[303.0,0.004716981],[304.0,0.004716981],[308.0,0.004716981],[358.0,0.004716981],[363.0,0.004716981],[374.0,0.004716981],[410.0,0.004716981],[474.0,0.004716981],[534.0,0.004716981],[726.0,0.004716981]],"quartiles":[-19.0,-2.0,30.0,122.0,726.0]}
