{"Hour":8,"delays":[-18.0,121.0,152.0,55.0,132.0,26.0,128.0,3.0,-24.0,49.0,150.0,-16.0,114.0,233.0,61.0,19.0,86.0,102.0,2.0,173.0,39.0,54.0,136.0,7.0,437.0,130.0,48.0,526.0,29.0,84.0,60.0,97.0,98.0,81.0,95.0,31.0,103.0,169.0,122.0,108.0,129.0,125.0,116.0,46.0,74.0,-17.0,21.0,88.0,1.0,23.0,50.0,159.0,-15.0,162.0,120.0,47.0,-12.0,89.0,138.0,78.0,-2.0,13.0,43.0,92.0,145.0,135.0,203.0,-5.0,53.0,36.0,15.0,123.0,762.0,104.0,170.0,1515.0,87.0,158.0,80.0,91.0,124.0,151.0,1259.0,57.0,83.0,70.0,139.0,117.0,154.0,68.0,101.0,921.0,216.0,-3.0,163.0,37.0,907.0,69.0,112.0,131.0,20.0,59.0,14.0,45.0,-21.0,0.0,38.0,140.0,35.0,-6.0,-8.0,67.0,28.0,165.0,18.0,1209.0,107.0,-11.0,12.0,111.0,63.0,85.0,64.0,763.0,99.0,620.0,73.0,866.0,197.0,-1.0,30.0,168.0,42.0,-9.0,4.0,106.0,-4.0,127.0,76.0,51.0,115.0,94.0,144.0,75.0,141.0,142.0,157.0,160.0,174.0,118.0,-22.0,149.0,109.0,33.0,133.0,-14.0,72.0,-20.0,77.0,65.0,181.0,177.0,56.0,137.0,62.0,44.0,156.0,11.0,176.0,143.0,25.0,172.0,71.0,10.0,22.0,9.0,-10.0,16.0,82.0,5.0,52.0,40.0,24.0,34.0,100.0,113.0,1202.0,105.0,119.0,6.0,66.0,17.0,126.0,-7.0,8.0,41.0,90.0,27.0,58.0,110.0,96.0,134.0,199.0,161.0,1207.0,609.0,147.0,148.0,32.0,79.0,93.0,806.0,-13.0,153.0],"relatives":[1.8989745537409798E-4,9.494872768704899E-5,3.1649575895683E-5,5.38042790226611E-4,9.494872768704899E-5,0.002120521585010761,1.8989745537409798E-4,0.016647676921129256,3.1649575895683E-5,7.595898214963919E-4,6.3299151791366E-5,5.69692366122294E-4,6.3299151791366E-5,3.1649575895683E-5,5.69692366122294E-4,0.0030067097100898847,1.5824787947841499E-4,1.5824787947841499E-4,0.019242942144575264,6.3299151791366E-5,0.0011077351563489048,5.69692366122294E-4,3.1649575895683E-5,0.008671983795417141,3.1649575895683E-5,1.26598303582732E-4,9.17837700974807E-4,3.1649575895683E-5,0.001709077098366882,2.53196607165464E-4,6.962906697050259E-4,3.1649575895682997E-4,1.8989745537409798E-4,1.5824787947841499E-4,2.2154703126978098E-4,0.001329282187618686,1.26598303582732E-4,6.3299151791366E-5,1.5824787947841499E-4,1.5824787947841499E-4,9.494872768704899E-5,3.1649575895683E-5,2.53196607165464E-4,8.228889732877579E-4,5.38042790226611E-4,3.7979491074819596E-4,0.0024686669198632737,2.84846183061147E-4,0.028769464489175844,0.002310419040384859,0.001171034308140271,6.3299151791366E-5,0.001297632611723003,6.3299151791366E-5,1.8989745537409798E-4,9.17837700974807E-4,0.004968983415622231,4.1144448664387896E-4,6.3299151791366E-5,2.2154703126978098E-4,0.09874667679453095,0.0046524876566654,8.861881250791239E-4,3.4814533485251297E-4,6.3299151791366E-5,9.494872768704899E-5,3.1649575895683E-5,0.09491707811115331,6.962906697050259E-4,0.001139384732244588,0.0042093935941258384,1.26598303582732E-4,3.1649575895683E-5,2.2154703126978098E-4,6.3299151791366E-5,3.1649575895683E-5,2.53196607165464E-4,9.494872768704899E-5,4.4309406253956196E-4,3.7979491074819596E-4,2.2154703126978098E-4,9.494872768704899E-5,3.1649575895683E-5,7.595898214963919E-4,5.06393214330928E-4,4.1144448664387896E-4,3.1649575895683E-5,9.494872768704899E-5,3.1649575895683E-5,5.38042790226611E-4,1.5824787947841499E-4,3.1649575895683E-5,3.1649575895683E-5,0.1031143182681352,3.1649575895683E-5,0.0012659830358273199,3.1649575895683E-5,5.38042790226611E-4,1.26598303582732E-4,6.3299151791366E-5,0.0024686669198632737,4.7474363843524496E-4,0.003956196986960375,0.001171034308140271,6.3299151791366E-5,0.06766679326497024,9.17837700974807E-4,1.26598303582732E-4,0.0014875300670971008,0.06814153690340549,0.03288390935561464,5.38042790226611E-4,0.0016141283706798328,3.1649575895683E-5,0.0032599063172553486,3.1649575895683E-5,1.26598303582732E-4,0.006962906697050259,0.005222180022787694,1.26598303582732E-4,6.329915179136599E-4,3.4814533485251297E-4,4.1144448664387896E-4,3.1649575895683E-5,2.53196607165464E-4,3.1649575895683E-5,2.84846183061147E-4,3.1649575895683E-5,3.1649575895683E-5,0.0833966324851247,0.0017723762501582478,3.1649575895683E-5,0.0011077351563489048,0.022028104823395366,0.01319787314849981,1.5824787947841499E-4,0.10051905304468921,1.5824787947841499E-4,4.4309406253956196E-4,8.228889732877579E-4,6.3299151791366E-5,6.3299151791366E-5,1.26598303582732E-4,6.01341942017977E-4,6.3299151791366E-5,6.3299151791366E-5,1.26598303582732E-4,6.3299151791366E-5,3.1649575895683E-5,3.1649575895683E-5,6.3299151791366E-5,1.26598303582732E-4,2.2154703126978098E-4,8.54538549183441E-4,1.5824787947841499E-4,0.002088872009115078,2.84846183061147E-4,1.26598303582732E-4,3.7979491074819596E-4,3.7979491074819596E-4,3.1649575895683E-5,3.1649575895683E-5,8.861881250791239E-4,1.5824787947841499E-4,6.962906697050259E-4,8.54538549183441E-4,3.1649575895683E-5,0.0055703253576402075,3.1649575895683E-5,1.26598303582732E-4,0.0017723762501582478,3.1649575895683E-5,4.1144448664387896E-4,0.006614761362197747,0.0025003164957589567,0.006899607545258894,0.018736548930244335,0.0025003164957589567,3.4814533485251297E-4,0.012691479934168881,6.329915179136599E-4,0.0012659830358273199,0.002310419040384859,0.001329282187618686,2.53196607165464E-4,1.5824787947841499E-4,3.1649575895683E-5,1.8989745537409798E-4,9.494872768704899E-5,0.00981136852766173,5.38042790226611E-4,0.00411444486643879,9.494872768704899E-5,0.049056842638308645,0.008292188884668945,9.811368527661729E-4,1.5824787947841499E-4,0.001835675401949614,7.27940245600709E-4,1.8989745537409798E-4,2.84846183061147E-4,1.26598303582732E-4,3.1649575895683E-5,3.1649575895683E-5,3.1649575895683E-5,3.1649575895683E-5,1.26598303582732E-4,6.3299151791366E-5,0.0013609317635143688,5.06393214330928E-4,2.84846183061147E-4,3.1649575895683E-5,0.0027851626788201037,6.3299151791366E-5],