{"Hour":13,"delays":[19.0,-18.0,211.0,43.0,169.0,155.0,117.0,210.0,143.0,297.0,1171.0,-7.0,-3.0,-20.0,128.0,378.0,251.0,53.0,153.0,320.0,132.0,-10.0,87.0,116.0,228.0,115.0,108.0,337.0,124.0,8.0,148.0,223.0,129.0,127.0,17.0,247.0,180.0,182.0,41.0,185.0,225.0,215.0,387.0,28.0,14.0,55.0,165.0,-36.0,62.0,120.0,445.0,232.0,458.0,5.0,46.0,40.0,20.0,22.0,178.0,92.0,244.0,75.0,246.0,369.0,393.0,79.0,101.0,-21.0,168.0,144.0,149.0,134.0,138.0,184.0,170.0,212.0,114.0,156.0,-16.0,72.0,208.0,99.0,31.0,96.0,146.0,376.0,3.0,103.0,187.0,34.0,-6.0,104.0,161.0,61.0,193.0,285.0,-17.0,260.0,47.0,176.0,261.0,64.0,172.0,51.0,173.0,163.0,1.0,-2.0,10.0,319.0,324.0,121.0,-1.0,91.0,69.0,98.0,217.0,37.0,171.0,203.0,329.0,-12.0,49.0,-22.0,332.0,141.0,74.0,70.0,77.0,160.0,1110.0,279.0,243.0,18.0,26.0,220.0,4.0,56.0,81.0,12.0,33.0,36.0,123.0,85.0,89.0,97.0,242.0,195.0,68.0,357.0,44.0,-11.0,83.0,322.0,196.0,59.0,221.0,452.0,71.0,125.0,331.0,222.0,272.0,202.0,330.0,201.0,29.0,106.0,38.0,240.0,100.0,11.0,275.0,273.0,113.0,118.0,209.0,239.0,60.0,230.0,94.0,88.0,197.0,363.0,35.0,42.0,109.0,198.0,344.0,111.0,218.0,277.0,395.0,135.0,154.0,107.0,6.0,238.0,126.0,381.0,167.0,253.0,-8.0,183.0,255.0,204.0,353.0,236.0,241.0,0.0,9.0,78.0,307.0,-15.0,278.0,368.0,136.0,181.0,325.0,102.0,482.0,416.0,48.0,281.0,444.0,227.0,191.0,186.0,308.0,139.0,110.0,451.0,16.0,147.0,234.0,80.0,356.0,503.0,159.0,177.0,73.0,157.0,311.0,190.0,95.0,137.0,76.0,334.0,50.0,174.0,179.0,151.0,397.0,65.0,7.0,58.0,219.0,316.0,93.0,66.0,90.0,441.0,32.0,-9.0,54.0,235.0,133.0,459.0,-14.0,105.0,84.0,486.0,27.0,39.0,166.0,282.0,199.0,140.0,257.0,131.0,188.0,67.0,-5.0,63.0,145.0,86.0,254.0,25.0,23.0,45.0,-4.0,119.0,158.0,82.0,269.0,2.0,52.0,370.0,305.0,15.0,24.0,142.0,-19.0,30.0,150.0,57.0,263.0,-13.0,112.0,449.0,259.0,175.0,130.0,162.0,21.0,231.0,189.0,289.0,13.0,122.0],"relatives":[0.005718706899451677,3.700339758468732E-4,6.727890469943149E-5,0.0018165304268846503,6.727890469943149E-5,1.0091835704914725E-4,2.018367140982945E-4,6.727890469943149E-5,6.727890469943149E-5,3.3639452349715744E-5,3.3639452349715744E-5,0.034682275372556935,0.08107108016281495,1.6819726174857873E-4,1.0091835704914725E-4,3.3639452349715744E-5,3.3639452349715744E-5,0.0018838093315840818,1.3455780939886298E-4,3.3639452349715744E-5,1.6819726174857873E-4,0.014027651629831467,4.373128805463047E-4,3.3639452349715747E-4,3.3639452349715744E-5,1.6819726174857873E-4,1.3455780939886298E-4,3.3639452349715744E-5,3.3639452349715744E-5,0.01258115517879369,6.727890469943149E-5,1.0091835704914725E-4,3.027550711474417E-4,3.3639452349715747E-4,0.006223298684697413,3.3639452349715744E-5,1.3455780939886298E-4,6.727890469943149E-5,0.002388401116829818,3.3639452349715744E-5,6.727890469943149E-5,6.727890469943149E-5,3.3639452349715744E-5,0.003330305782621859,0.008510781444478083,0.001446496451037777,1.3455780939886298E-4,3.3639452349715744E-5,0.0010091835704914725,2.018367140982945E-4,3.3639452349715744E-5,6.727890469943149E-5,6.727890469943149E-5,0.01786254919769906,0.0016819726174857874,0.001715612069835503,0.005550509637703098,0.0041376526390150365,1.3455780939886298E-4,3.700339758468732E-4,3.3639452349715744E-5,8.409863087428937E-4,3.3639452349715744E-5,3.3639452349715744E-5,1.0091835704914725E-4,5.382312375954519E-4,3.700339758468732E-4,1.3455780939886298E-4,1.0091835704914725E-4,2.018367140982945E-4,1.6819726174857873E-4,1.3455780939886298E-4,2.018367140982945E-4,6.727890469943149E-5,2.018367140982945E-4,6.727890469943149E-5,4.7095233289602044E-4,1.3455780939886298E-4,0.0011437413798903353,4.7095233289602044E-4,6.727890469943149E-5,2.6911561879772595E-4,0.0025565983785783967,3.700339758468732E-4,2.6911561879772595E-4,3.3639452349715744E-5,0.022908467050156422,1.6819726174857873E-4,3.3639452349715744E-5,0.002253843307430955,0.05025734181047532,6.055101422948834E-4,3.3639452349715744E-5,0.0012782991892891983,1.3455780939886298E-4,3.3639452349715744E-5,4.373128805463047E-4,3.3639452349715744E-5,0.0016483331651360716,6.727890469943149E-5,6.727890469943149E-5,9.755441181417566E-4,1.3455780939886298E-4,0.0010091835704914725,3.3639452349715744E-5,1.0091835704914725E-4,0.03350489454031688,0.07898543411713257,0.010966461466007334,3.3639452349715744E-5,3.3639452349715744E-5,6.727890469943149E-5,0.07316580886063175,2.3547616644801022E-4,7.737074040434622E-4,3.700339758468732E-4,3.3639452349715744E-5,0.0019174487839337976,6.727890469943149E-5,6.727890469943149E-5,3.3639452349715744E-5,0.004541326067211626,0.0014128569986880614,6.727890469943149E-5,3.3639452349715744E-5,3.027550711474417E-4,8.746257610926094E-4,6.727890469943149E-4,6.391495946445992E-4,2.018367140982945E-4,3.3639452349715744E-5,3.3639452349715744E-5,3.3639452349715744E-5,0.0056514279947522455,0.0031957479732229958,3.3639452349715744E-5,0.020822821004474048,0.001480135903387493,5.045917852457363E-4,0.008443502539778653,0.002892992902075554,0.0024556800215292493,2.6911561879772595E-4,4.7095233289602044E-4,2.6911561879772595E-4,4.373128805463047E-4,6.727890469943149E-5,6.727890469943149E-5,8.746257610926094E-4,6.727890469943149E-5,0.0020520065933326607,0.007131563898139738,5.718706899451677E-4,6.727890469943149E-5,3.3639452349715744E-5,0.0013455780939886299,1.0091835704914725E-4,3.3639452349715744E-5,7.400679516937464E-4,1.3455780939886298E-4,3.3639452349715744E-5,3.3639452349715744E-5,3.3639452349715744E-5,1.0091835704914725E-4,3.3639452349715744E-5,3.3639452349715744E-5,0.0031284690685235645,4.03673428196589E-4,0.001480135903387493,3.3639452349715744E-5,3.3639452349715747E-4,0.010058196252565009,3.3639452349715744E-5,3.3639452349715744E-5,2.6911561879772595E-4,2.018367140982945E-4,6.727890469943149E-5,1.0091835704914725E-4,0.0011773808322400512,3.3639452349715744E-5,4.7095233289602044E-4,5.382312375954519E-4,6.727890469943149E-5,3.3639452349715744E-5,0.0020856460456823763,0.001984727688633229,3.027550711474417E-4,3.3639452349715744E-5,3.3639452349715744E-5,3.700339758468732E-4,3.3639452349715744E-5,3.3639452349715744E-5,3.3639452349715744E-5,2.6911561879772595E-4,2.3547616644801022E-4,1.0091835704914725E-4,0.01614693712786356,3.3639452349715744E-5,2.6911561879772595E-4,3.3639452349715744E-5,1.0091835704914725E-4,3.3639452349715744E-5,0.02489319473878965,1.0091835704914725E-4,6.727890469943149E-5,6.727890469943149E-5,3.3639452349715744E-5,3.3639452349715744E-5,6.727890469943149E-5,0.06717798634238234,0.011403774346553638,6.727890469943149E-4,6.727890469943149E-5,0.001480135903387493,3.3639452349715744E-5,3.3639452349715744E-5,2.3547616644801022E-4,3.3639452349715744E-5,3.3639452349715744E-5,3.3639452349715747E-4,3.3639452349715744E-5,3.3639452349715744E-5,0.0013455780939886299,3.3639452349715744E-5,3.3639452349715744E-5,3.3639452349715744E-5,6.727890469943149E-5,1.0091835704914725E-4,3.3639452349715744E-5,2.018367140982945E-4,2.6911561879772595E-4,3.3639452349715744E-5,0.006189659232347698,2.6911561879772595E-4,3.3639452349715744E-5,5.718706899451677E-4,3.3639452349715744E-5,3.3639452349715744E-5,2.6911561879772595E-4,3.3639452349715744E-5,8.746257610926094E-4,6.727890469943149E-5,3.3639452349715744E-5,1.0091835704914725E-4,3.700339758468732E-4,2.3547616644801022E-4,8.409863087428937E-4,3.3639452349715744E-5,0.0013792175463383455,6.727890469943149E-5,1.0091835704914725E-4,1.0091835704914725E-4,3.3639452349715744E-5,9.755441181417566E-4,0.014027651629831467,0.001446496451037777,3.3639452349715744E-5,3.3639452349715744E-5,2.018367140982945E-4,9.082652134423251E-4,6.391495946445992E-4,3.3639452349715744E-5,0.0026238772832778284,0.01661788946075958,0.0015137753557372085,6.727890469943149E-5,2.3547616644801022E-4,3.3639452349715744E-5,0.0018838093315840818,4.373128805463047E-4,4.373128805463047E-4,3.3639452349715744E-5,0.0024220405691795337,0.0021865644027315237,1.0091835704914725E-4,3.3639452349715744E-5,3.3639452349715744E-5,1.6819726174857873E-4,3.3639452349715744E-5,1.3455780939886298E-4,6.727890469943149E-5,9.082652134423251E-4,0.07195478857604198,0.0010091835704914725,1.6819726174857873E-4,6.391495946445992E-4,