{"Hour":11,"delays":[30.0,130.0,0.0,159.0,131.0,54.0,88.0,144.0,25.0,242.0,248.0,228.0,202.0,189.0,1156.0,246.0,187.0,154.0,226.0,341.0,90.0,71.0,210.0,93.0,230.0,255.0,275.0,31.0,416.0,261.0,274.0,286.0,-19.0,26.0,7.0,1.0,96.0,180.0,257.0,280.0,339.0,171.0,128.0,195.0,57.0,386.0,-9.0,106.0,325.0,18.0,14.0,178.0,285.0,9.0,23.0,39.0,24.0,241.0,252.0,279.0,198.0,-11.0,129.0,114.0,127.0,34.0,27.0,258.0,211.0,74.0,181.0,78.0,141.0,227.0,70.0,194.0,221.0,-13.0,324.0,-21.0,223.0,234.0,123.0,220.0,164.0,816.0,50.0,219.0,41.0,235.0,188.0,75.0,301.0,-24.0,109.0,19.0,345.0,215.0,232.0,60.0,108.0,192.0,49.0,80.0,191.0,281.0,-10.0,249.0,84.0,126.0,38.0,207.0,140.0,294.0,340.0,-14.0,146.0,37.0,28.0,44.0,218.0,147.0,310.0,155.0,-4.0,206.0,32.0,138.0,120.0,166.0,72.0,67.0,12.0,216.0,5.0,56.0,65.0,125.0,92.0,365.0,36.0,68.0,-2.0,137.0,29.0,185.0,174.0,10.0,98.0,8.0,51.0,-3.0,-8.0,186.0,203.0,104.0,103.0,177.0,158.0,102.0,61.0,55.0,-20.0,165.0,99.0,22.0,66.0,20.0,118.0,167.0,378.0,132.0,59.0,157.0,-6.0,169.0,193.0,201.0,94.0,45.0,97.0,352.0,-18.0,143.0,119.0,15.0,81.0,62.0,100.0,116.0,145.0,287.0,-5.0,273.0,64.0,135.0,42.0,122.0,4.0,278.0,240.0,153.0,40.0,107.0,83.0,150.0,16.0,77.0,344.0,262.0,112.0,152.0,13.0,179.0,160.0,6.0,87.0,247.0,149.0,-7.0,151.0,256.0,270.0,121.0,225.0,196.0,-1.0,303.0,172.0,69.0,2.0,124.0,110.0,168.0,95.0,204.0,209.0,35.0,163.0,47.0,101.0,-16.0,115.0,-12.0,136.0,73.0,58.0,46.0,291.0,835.0,11.0,3.0,79.0,290.0,48.0,148.0,184.0,63.0,-17.0,82.0,260.0,91.0,142.0,205.0,105.0,111.0,197.0,33.0,52.0,212.0,170.0,139.0,43.0,89.0,161.0,243.0,183.0,156.0,176.0,224.0,-15.0,53.0,17.0,117.0,173.0,76.0,133.0,190.0,21.0,412.0,323.0,-28.0,86.0,85.0,236.0,113.0,319.0,330.0,134.0],"relatives":[0.0027605709668731483,1.0099649878804202E-4,0.061540533261513604,1.6832749798007E-4,6.733099919202801E-5,0.0011446269862644763,5.723134931322381E-4,6.733099919202801E-5,0.0036022084567734983,3.3665499596014004E-5,3.3665499596014004E-5,6.733099919202801E-5,3.3665499596014004E-5,3.3665499596014004E-5,3.3665499596014004E-5,3.3665499596014004E-5,6.733099919202801E-5,6.733099919202801E-5,3.3665499596014004E-5,3.3665499596014004E-5,8.079719903043361E-4,8.079719903043361E-4,6.733099919202801E-5,3.7032049555615405E-4,1.0099649878804202E-4,3.3665499596014004E-5,3.3665499596014004E-5,0.0025585779692970643,3.3665499596014004E-5,1.0099649878804202E-4,3.3665499596014004E-5,3.3665499596014004E-5,2.0199299757608404E-4,0.0028615674656611904,0.013499865338001616,0.030702935631564773,2.0199299757608404E-4,6.733099919202801E-5,6.733099919202801E-5,3.3665499596014004E-5,3.3665499596014004E-5,1.3466199838405601E-4,1.3466199838405601E-4,1.0099649878804202E-4,0.0010772959870724481,3.3665499596014004E-5,0.01976164826286022,3.3665499596014E-4,3.3665499596014004E-5,0.005487476434150282,0.006766765418798815,3.3665499596014004E-5,3.3665499596014004E-5,0.010705628871532454,0.0042081874495017504,0.0019862644761648265,0.0030298949636412605,6.733099919202801E-5,3.3665499596014004E-5,3.3665499596014004E-5,6.733099919202801E-5,0.007440075410719095,2.6932399676811203E-4,2.6932399676811203E-4,2.3565849717209803E-4,0.0019525989765688122,0.0028279019660651765,3.3665499596014004E-5,3.3665499596014004E-5,6.396444923242661E-4,1.3466199838405601E-4,5.049824939402101E-4,1.0099649878804202E-4,1.0099649878804202E-4,8.079719903043361E-4,6.733099919202801E-5,6.733099919202801E-5,0.0032992189604093723,3.3665499596014004E-5,1.0099649878804202E-4,3.3665499596014004E-5,3.3665499596014004E-5,3.0298949636412605E-4,6.733099919202801E-5,1.0099649878804202E-4,3.3665499596014004E-5,0.0016159439806086723,3.3665499596014004E-5,0.0010772959870724481,3.3665499596014004E-5,2.0199299757608404E-4,8.079719903043361E-4,3.3665499596014004E-5,1.0099649878804202E-4,2.3565849717209803E-4,0.00488149744142203,3.3665499596014004E-5,3.3665499596014004E-5,6.733099919202801E-5,0.0010099649878804202,2.3565849717209803E-4,6.733099919202801E-5,0.001447616482628602,4.0398599515216807E-4,6.733099919202801E-5,3.3665499596014004E-5,0.017640721788311338,3.3665499596014004E-5,6.7330999192028E-4,2.3565849717209803E-4,0.0023902504713169946,1.0099649878804202E-4,1.3466199838405601E-4,3.3665499596014004E-5,3.3665499596014004E-5,0.0017169404793967143,1.0099649878804202E-4,0.0017506059789927282,0.0032992189604093723,0.001447616482628602,6.733099919202801E-5,3.3665499596014004E-5,3.3665499596014004E-5,3.3665499596014004E-5,0.08157150552114194,3.3665499596014004E-5,0.0025585779692970643,6.733099919202801E-5,1.6832749798007E-4,1.0099649878804202E-4,6.7330999192028E-4,7.406409911123081E-4,0.007978723404255319,1.0099649878804202E-4,0.015654457312146514,0.0012792889846485322,0.0011446269862644763,2.0199299757608404E-4,2.3565849717209803E-4,3.3665499596014004E-5,0.0024575814705090223,8.416374899003501E-4,0.08177349851871801,1.0099649878804202E-4,0.0033328844600053866,6.733099919202801E-5,6.733099919202801E-5,0.01050363587395637,1.6832749798007E-4,0.010739294371128468,0.0018179369781847563,0.08416374899003501,0.027976030164287638,3.3665499596014004E-5,6.733099919202801E-5,1.3466199838405601E-4,4.0398599515216807E-4,6.733099919202801E-5,1.0099649878804202E-4,2.6932399676811203E-4,8.753029894963641E-4,0.001447616482628602,1.0099649878804202E-4,1.0099649878804202E-4,3.3665499596014E-4,0.0037705359547535685,8.753029894963641E-4,0.004746835443037975,2.3565849717209803E-4,6.733099919202801E-5,3.3665499596014004E-5,6.733099919202801E-5,0.0013802854834365742,3.3665499596014004E-5,0.055581739833019124,1.0099649878804202E-4,3.3665499596014004E-5,1.0099649878804202E-4,3.0298949636412605E-4,0.0014139509830325882,3.3665499596014E-4,3.3665499596014004E-5,5.723134931322381E-4,1.0099649878804202E-4,1.0099649878804202E-4,0.007608402908699165,4.0398599515216807E-4,0.0010099649878804202,3.7032049555615405E-4,1.6832749798007E-4,1.0099649878804202E-4,6.733099919202801E-5,0.08066253703204955,3.3665499596014004E-5,0.0010772959870724481,1.0099649878804202E-4,0.0017842714785887422,3.0298949636412605E-4,0.01871801777538379,3.3665499596014004E-5,3.3665499596014004E-5,6.733099919202801E-5,0.0018179369781847563,2.3565849717209803E-4,5.049824939402101E-4,1.3466199838405601E-4,0.0058914624293024504,6.059789927282521E-4,3.3665499596014004E-5,3.3665499596014004E-5,4.0398599515216807E-4,6.733099919202801E-5,0.008281712900619445,3.3665499596014004E-5,3.3665499596014004E-5,0.014610826824670077,5.723134931322381E-4,3.3665499596014004E-5,6.733099919202801E-5,0.03985995152168058,3.3665499596014004E-5,6.733099919202801E-5,6.733099919202801E-5,2.0199299757608404E-4,3.3665499596014004E-5,6.733099919202801E-5,0.07221249663345004,1.0099649878804202E-4,6.733099919202801E-5,5.386479935362241E-4,0.024373821707514138,2.3565849717209803E-4,2.0199299757608404E-4,2.0199299757608404E-4,3.7032049555615405E-4,6.733099919202801E-5,3.3665499596014004E-5,0.0016159439806086723,1.0099649878804202E-4,0.0015486129814166441,2.6932399676811203E-4,8.079719903043361E-4,2.0199299757608404E-4,0.0048141664422300025,1.3466199838405601E-4,5.386479935362241E-4,9.426339886883921E-4,0.0015486129814166441,3.3665499596014004E-5,3.3665499596014004E-5,0.008786695394559655,0.019391327767304067,4.3765149474818204E-4,6.733099919202801E-5,0.00134661998384056,1.0099649878804202E-4,6.733099919202801E-5,0.0010436304874764343,8.416374899003501E-4,5.386479935362241E-4,3.3665499596014004E-5,4.3765149474818204E-4,1.3466199838405601E-4,1.0099649878804202E-4,1.6832749798007E-4,3.0298949636412605E-4,3.3665499596014004E-5,0.0020872609749528685,0.0010772959870724481,6.733099919202801E-5,6.733099919202801E-5,1.6832749798007E-4,0.0013802854834365742,5.049824939402101E-4,1.3466199838405601E-4,3.3665499596014004E-5,1.6832749798007E-4,2.0199299757608404E-4,6.733099919202801E-5,3.3665499596014004E-5,0.0015149474818206303,0.001245623485052518,0.005251817936978185,2.3565849717209803E-4,1.0099649878804202E-4,6.7330999192028E-4,1.0099649878804202E-4,1.0099649878804202E-4,0.0032318879612173446,3.3665499596014004E-5,3.3665499596014004E-5,3.3665499596014004E-5,