{"Hour":19,"delays":[131.0,140.0,283.0,792.0,139.0,63.0,260.0,158.0,285.0,218.0,237.0,-10.0,159.0,47.0,256.0,36.0,223.0,1.0,68.0,178.0,46.0,85.0,113.0,123.0,262.0,150.0,348.0,11.0,13.0,14.0,4.0,268.0,305.0,219.0,233.0,52.0,90.0,8.0,2.0,91.0,176.0,51.0,148.0,133.0,343.0,377.0,279.0,205.0,152.0,0.0,246.0,668.0,200.0,127.0,291.0,74.0,221.0,401.0,295.0,210.0,302.0,-21.0,282.0,181.0,177.0,204.0,137.0,86.0,98.0,64.0,126.0,125.0,281.0,344.0,179.0,244.0,30.0,-7.0,5.0,110.0,228.0,468.0,53.0,-14.0,190.0,257.0,81.0,95.0,164.0,251.0,70.0,44.0,263.0,118.0,101.0,115.0,192.0,250.0,72.0,69.0,87.0,156.0,108.0,464.0,160.0,384.0,41.0,-3.0,437.0,172.0,199.0,107.0,495.0,317.0,-19.0,213.0,261.0,-4.0,67.0,124.0,29.0,57.0,21.0,-9.0,-12.0,83.0,182.0,42.0,132.0,327.0,222.0,97.0,208.0,106.0,16.0,-5.0,155.0,116.0,35.0,7.0,82.0,-1.0,77.0,22.0,-23.0,259.0,37.0,33.0,224.0,288.0,186.0,146.0,217.0,40.0,-13.0,122.0,236.0,403.0,321.0,225.0,94.0,112.0,247.0,197.0,180.0,309.0,17.0,-18.0,243.0,249.0,287.0,187.0,73.0,322.0,71.0,28.0,266.0,569.0,32.0,128.0,10.0,12.0,31.0,144.0,393.0,215.0,26.0,196.0,315.0,299.0,20.0,163.0,235.0,117.0,286.0,220.0,296.0,39.0,319.0,154.0,175.0,135.0,469.0,195.0,320.0,134.0,301.0,457.0,100.0,15.0,105.0,673.0,273.0,162.0,-16.0,149.0,23.0,206.0,129.0,169.0,334.0,185.0,-25.0,-22.0,214.0,142.0,242.0,157.0,522.0,276.0,253.0,121.0,420.0,111.0,161.0,-26.0,25.0,304.0,-15.0,255.0,207.0,232.0,369.0,136.0,211.0,188.0,227.0,174.0,43.0,209.0,55.0,308.0,184.0,277.0,-2.0,88.0,-8.0,271.0,245.0,84.0,147.0,166.0,96.0,470.0,80.0,93.0,202.0,89.0,171.0,254.0,231.0,38.0,3.0,48.0,203.0,58.0,130.0,270.0,153.0,54.0,290.0,75.0,114.0,92.0,59.0,119.0,-24.0,61.0,34.0,49.0,173.0,201.0,226.0,-20.0,151.0,167.0,234.0,99.0,-11.0,9.0,310.0,461.0,798.0,170.0,390.0,79.0,374.0,-6.0,62.0,56.0,65.0,323.0,238.0,338.0,191.0,335.0,6.0,138.0,407.0,104.0,120.0,381.0,362.0,241.0,-27.0,102.0,212.0,145.0,252.0,340.0,66.0,78.0,267.0,363.0,307.0,60.0,141.0,258.0,18.0,50.0,76.0,230.0,312.0,189.0,45.0,194.0,372.0,27.0,24.0,-17.0,143.0,672.0,109.0,193.0,165.0,428.0,19.0,168.0,103.0,183.0],"relatives":[6.86600981839404E-4,4.119605891036424E-4,1.373201963678808E-4,3.43300490919702E-5,5.149507363795531E-4,0.00171650245459851,3.43300490919702E-5,1.373201963678808E-4,3.43300490919702E-5,6.86600981839404E-5,3.43300490919702E-5,0.016409763465961756,3.776305400116722E-4,0.002574753681897765,6.86600981839404E-5,0.0038792955473926326,6.86600981839404E-5,0.02602217721171341,0.001373201963678808,3.0897044182773184E-4,0.002952384221909437,8.58251227299255E-4,6.522709327474338E-4,5.492807854715232E-4,6.86600981839404E-5,3.776305400116722E-4,6.86600981839404E-5,0.010710975316694703,0.009990044285763328,0.008925812763912253,0.01695904425143328,6.86600981839404E-5,3.43300490919702E-5,3.43300490919702E-5,1.029901472759106E-4,0.0022314531909780632,0.0010299014727591061,0.012530467918569124,0.019533797933331043,9.612413745751656E-4,2.059802945518212E-4,0.0021284630437021523,5.149507363795531E-4,4.806206872875828E-4,6.86600981839404E-5,6.86600981839404E-5,3.43300490919702E-5,2.746403927357616E-4,2.746403927357616E-4,0.04970991108517285,6.86600981839404E-5,3.43300490919702E-5,2.059802945518212E-4,5.149507363795531E-4,3.43300490919702E-5,0.0014418620618627486,6.86600981839404E-5,3.43300490919702E-5,3.43300490919702E-5,3.43300490919702E-5,3.43300490919702E-5,3.0897044182773184E-4,6.86600981839404E-5,6.86600981839404E-5,1.373201963678808E-4,1.029901472759106E-4,3.0897044182773184E-4,0.0010642315218510761,0.0010299014727591061,0.0018194926018744208,4.119605891036424E-4,5.492807854715232E-4,6.86600981839404E-5,6.86600981839404E-5,2.403103436437914E-4,3.43300490919702E-5,0.004806206872875828,0.03196127570462426,0.016169453122317965,4.806206872875828E-4,1.029901472759106E-4,3.43300490919702E-5,0.002574753681897765,0.0029867142710014076,2.059802945518212E-4,3.43300490919702E-5,0.0015105221600466888,0.0011328916200350166,2.746403927357616E-4,3.43300490919702E-5,0.0017851625527824505,0.0028493940746335267,6.86600981839404E-5,5.836108345634934E-4,8.925812763912253E-4,0.0010299014727591061,1.029901472759106E-4,1.373201963678808E-4,0.0012358817673109273,0.0013388719145868378,0.0010299014727591061,2.059802945518212E-4,6.522709327474338E-4,3.43300490919702E-5,4.4629063819561263E-4,3.43300490919702E-5,0.00343300490919702,0.06546740361838717,3.43300490919702E-5,1.71650245459851E-4,3.0897044182773184E-4,9.269113254831954E-4,3.43300490919702E-5,3.43300490919702E-5,2.059802945518212E-4,1.029901472759106E-4,6.86600981839404E-5,0.057743142572693876,0.0016478423564145696,5.149507363795531E-4,0.0041196058910364245,0.0020598029455182122,0.006694359572934189,0.018229256067836177,0.00521816746197947,0.0011328916200350166,1.029901472759106E-4,0.0031583645164612586,4.806206872875828E-4,1.029901472759106E-4,1.373201963678808E-4,7.552610800233444E-4,2.059802945518212E-4,9.269113254831954E-4,0.009063132960280133,0.058326753407257376,2.746403927357616E-4,7.895911291153147E-4,0.0039479556455765735,0.01373201963678808,0.0010642315218510761,0.05743417213086615,0.0013045418654948676,0.006488379278382368,1.373201963678808E-4,6.86600981839404E-5,0.0042225960383123345,0.0037076453019327816,6.86600981839404E-5,3.43300490919702E-5,2.403103436437914E-4,3.43300490919702E-4,3.776305400116722E-4,0.0033300147619211096,0.0043942462837721855,4.806206872875828E-4,1.029901472759106E-4,3.43300490919702E-5,3.43300490919702E-5,1.373201963678808E-4,6.86600981839404E-4,3.776305400116722E-4,6.86600981839404E-5,3.43300490919702E-5,1.029901472759106E-4,3.43300490919702E-5,0.008342201929348758,7.552610800233444E-4,3.43300490919702E-5,1.71650245459851E-4,3.43300490919702E-5,2.059802945518212E-4,0.0016821724055065398,3.43300490919702E-5,0.0013045418654948676,0.00514950736379553,3.43300490919702E-5,3.43300490919702E-5,0.0041882659892203645,4.806206872875828E-4,0.011466236396718047,0.009921384187579388,0.004085275841944454,3.0897044182773184E-4,3.43300490919702E-5,1.029901472759106E-4,0.0052524975110714404,1.029901472759106E-4,3.43300490919702E-5,6.86600981839404E-5,0.007758591094785265,1.373201963678808E-4,1.373201963678808E-4,4.806206872875828E-4,1.029901472759106E-4,3.43300490919702E-5,3.43300490919702E-5,0.003776305400116722,1.373201963678808E-4,4.119605891036424E-4,1.373201963678808E-4,4.119605891036424E-4,3.43300490919702E-5,3.43300490919702E-5,3.43300490919702E-5,5.149507363795531E-4,3.43300490919702E-5,6.86600981839404E-5,9.269113254831954E-4,0.009612413745751657,8.58251227299255E-4,3.43300490919702E-5,3.43300490919702E-5,2.059802945518212E-4,0.0013045418654948676,2.059802945518212E-4,0.006316729032922517,6.86600981839404E-5,7.895911291153147E-4,1.373201963678808E-4,3.43300490919702E-5,3.43300490919702E-5,6.86600981839404E-5,1.373201963678808E-4,6.86600981839404E-5,4.4629063819561263E-4,1.373201963678808E-4,2.403103436437914E-4,3.43300490919702E-5,3.43300490919702E-5,1.029901472759106E-4,4.806206872875828E-4,3.43300490919702E-5,9.612413745751656E-4,2.059802945518212E-4,3.43300490919702E-5,0.006213738885646606,3.43300490919702E-5,0.0021284630437021523,1.373201963678808E-4,1.71650245459851E-4,1.373201963678808E-4,3.43300490919702E-5,5.149507363795531E-4,6.86600981839404E-5,1.029901472759106E-4,1.029901472759106E-4,3.0897044182773184E-4,0.003295684712829139,1.373201963678808E-4,0.0022314531909780632,6.86600981839404E-5,1.029901472759106E-4,3.43300490919702E-5,0.06388822136015654,0.001373201963678808,0.0220055614679529,3.43300490919702E-5,3.43300490919702E-5,0.001373201963678808,3.776305400116722E-4,1.71650245459851E-4,6.522709327474338E-4,3.43300490919702E-5,0.0013045418654948676,7.895911291153147E-4,6.86600981839404E-5,0.0010985615709430464,2.059802945518212E-4,1.373201963678808E-4,3.43300490919702E-5,0.0036733152528408116,0.018091935871468297,0.003295684712829139,2.746403927357616E-4,0.0023001132891620037,6.179408836554637E-4,1.373201963678808E-4,3.43300490919702E-4,0.0021284630437021523,3.43300490919702E-5,0.00171650245459851,7.552610800233444E-4,0.0013388719145868378,