{"Hour":7,"delays":[91.0,52.0,51.0,101.0,84.0,27.0,-23.0,29.0,80.0,3.0,28.0,99.0,97.0,108.0,30.0,53.0,88.0,-5.0,85.0,-10.0,781.0,17.0,-9.0,63.0,0.0,32.0,15.0,980.0,57.0,-21.0,135.0,-7.0,103.0,47.0,126.0,56.0,139.0,565.0,42.0,-11.0,18.0,109.0,680.0,-16.0,112.0,113.0,8.0,95.0,69.0,105.0,96.0,43.0,39.0,38.0,24.0,75.0,11.0,78.0,93.0,41.0,140.0,104.0,74.0,90.0,45.0,123.0,-3.0,-1.0,65.0,16.0,58.0,-18.0,5.0,40.0,81.0,751.0,73.0,177.0,62.0,64.0,-14.0,20.0,7.0,-6.0,115.0,44.0,-17.0,137.0,560.0,86.0,133.0,141.0,9.0,66.0,-4.0,77.0,22.0,-12.0,70.0,10.0,67.0,25.0,94.0,556.0,151.0,647.0,60.0,-20.0,79.0,102.0,1.0,26.0,48.0,54.0,114.0,-8.0,148.0,55.0,76.0,68.0,-13.0,87.0,89.0,4.0,100.0,98.0,31.0,13.0,71.0,2.0,37.0,14.0,23.0,59.0,36.0,121.0,111.0,33.0,92.0,6.0,34.0,19.0,61.0,138.0,35.0,-15.0,107.0,110.0,83.0,72.0,49.0,46.0,21.0,50.0,82.0,963.0,12.0,-2.0,163.0],"relatives":[2.574913901316425E-4,3.862370851974637E-4,6.115420515626509E-4,1.6093211883227654E-4,3.2186423766455307E-4,0.0015127619170233995,3.218642376645531E-5,0.0015449483407898549,9.655927129936593E-5,0.014741382085036532,0.0011587112555923912,6.437284753291062E-5,1.6093211883227654E-4,9.655927129936593E-5,0.0016093211883227655,4.506099327303743E-4,1.2874569506582124E-4,0.10692329975216454,2.896778138980978E-4,0.018475007241945347,3.218642376645531E-5,0.0029611509865138884,0.024590427757571857,4.1842350896391904E-4,0.07029514950593839,9.655927129936593E-4,0.0032830152241784417,3.218642376645531E-5,4.8279635649682963E-4,9.655927129936593E-5,3.218642376645531E-5,0.05465254755544111,1.2874569506582124E-4,5.793556277961956E-4,6.437284753291062E-5,4.8279635649682963E-4,3.218642376645531E-5,3.218642376645531E-5,7.402877466284721E-4,0.00823972448421256,0.002832405291448067,3.218642376645531E-5,3.218642376645531E-5,4.506099327303743E-4,6.437284753291062E-5,3.218642376645531E-5,0.007724741703949274,9.655927129936593E-5,3.862370851974637E-4,3.218642376645531E-5,6.437284753291062E-5,6.115420515626509E-4,7.402877466284721E-4,0.0010621519842930252,0.0016415076120892208,2.574913901316425E-4,0.005375132768998037,1.6093211883227654E-4,2.2530496636518715E-4,7.402877466284721E-4,6.437284753291062E-5,9.655927129936593E-5,3.540506614310084E-4,1.6093211883227654E-4,5.793556277961956E-4,3.218642376645531E-5,0.10750265537996073,0.08072355080626992,2.2530496636518715E-4,0.0032830152241784417,4.1842350896391904E-4,6.437284753291062E-5,0.009784672825002415,8.368470179278381E-4,2.2530496636518715E-4,3.218642376645531E-5,9.655927129936593E-5,3.218642376645531E-5,1.9311854259873186E-4,3.2186423766455307E-4,0.0019311854259873185,0.002800218867681612,0.008110978789146737,0.07277350413595546,3.218642376645531E-5,8.368470179278381E-4,3.862370851974637E-4,6.437284753291062E-5,3.218642376645531E-5,1.9311854259873186E-4,3.218642376645531E-5,3.218642376645531E-5,0.005986674820560687,3.862370851974637E-4,0.10582896134410506,1.9311854259873186E-4,0.0024461682062506037,0.004602658598603109,4.1842350896391904E-4,0.006018861244327143,1.6093211883227654E-4,0.0018668125784544079,9.655927129936593E-5,3.218642376645531E-5,3.218642376645531E-5,3.218642376645531E-5,3.862370851974637E-4,6.437284753291062E-5,9.655927129936593E-5,1.6093211883227654E-4,0.027744697286684477,0.0014805754932569442,3.540506614310084E-4,5.471692040297403E-4,9.655927129936593E-5,0.03627409958479513,3.218642376645531E-5,4.1842350896391904E-4,1.6093211883227654E-4,4.8279635649682963E-4,0.0029289645627474333,2.896778138980978E-4,2.896778138980978E-4,0.012456145997618205,1.9311854259873186E-4,3.218642376645531E-5,9.334062892272039E-4,0.0037014387331423607,1.6093211883227654E-4,0.019118735717274453,0.0011587112555923912,0.0037658115806752713,0.0018024397309214972,2.574913901316425E-4,9.012198654607486E-4,6.437284753291062E-5,3.218642376645531E-5,0.001255270526891757,3.862370851974637E-4,0.009527181434870772,9.655927129936593E-4,0.002510541053783514,3.540506614310084E-4,6.437284753291062E-5,5.793556277961956E-4,0.0010943384080594806,1.2874569506582124E-4,1.6093211883227654E-4,1.9311854259873186E-4,2.896778138980978E-4,5.471692040297403E-4,7.724741703949274E-4,0.0018989990022208632,4.8279635649682963E-4,1.2874569506582124E-4,3.218642376645531E-5,0.005182014226399305,0.0969455083845634,3.218642376645531E-5],"distributions":[[-23.0,3.2186425E-5],[-21.0,9.655927E-5],[-20.0,6.437285E-5],[-18.0,6.437285E-5],[-17.0,3.8623708E-4],[-16.0,4.5060992E-4],[-15.0,0.0010943384],[-14.0,0.0019311854],[-13.0,0.0029289646],[-12.0,0.0046026586],[-11.0,0.008239725],[-10.0,0.018475007],[-9.0,0.024590427],[-8.0,0.036274098],[-7.0,0.05465255],[-6.0,0.0727735],[-5.0,0.1069233],[-4.0,0.10582896],[-3.0,0.107502654],[-2.0,0.09694551],[-1.0,0.080723554],[0.0,0.07029515],[1.0,0.027744697],[2.0,0.019118736],[3.0,0.014741382],[4.0,0.012456146],[5.0,0.009784672],[6.0,0.009527181],[7.0,0.008110979],[8.0,0.0077247415],[9.0,0.0059866747],[10.0,0.006018861],[11.0,0.005375133],[12.0,0.0051820143],[13.0,0.0037014387],[14.0,0.0037658117],[15.0,0.0032830152],[16.0,0.0032830152],[17.0,0.002961151],[18.0,0.0028324053],[19.0,0.0025105411],[20.0,0.0028002188],[21.0,0.001898999],[22.0,0.002446168],[23.0,0.0018024397],[24.0,0.0016415076],[25.0,0.0018668126],[26.0,0.0014805755],[27.0,0.0015127619],[28.0,0.0011587113],[29.0,0.0015449483],[30.0,0.0016093212],[31.0,9.334063E-4],[32.0,9.655927E-4],[33.0,0.0012552706],[34.0,9.655927E-4],[35.0,5.7935563E-4],[36.0,9.0121984E-4],[37.0,0.0011587113],[38.0,0.001062152],[39.0,7.4028777E-4],[40.0,8.36847E-4],[41.0,7.4028777E-4],[42.0,7.4028777E-4],[43.0,6.11542E-4],[44.0,8.36847E-4],[45.0,5.7935563E-4],[46.0,7.7247416E-4],[47.0,5.7935563E-4],[48.0,3.5405066E-4],[49.0,5.471692E-4],[50.0,4.8279634E-4],[51.0,6.11542E-4],[52.0,3.8623708E-4],[53.0,4.5060992E-4],[54.0,5.471692E-4],[55.0,4.184235E-4],[56.0,4.8279634E-4],[57.0,4.8279634E-4],[58.0,4.184235E-4],[59.0,2.574914E-4],[60.0,3.8623708E-4],[61.0,3.5405066E-4],[62.0,1.9311854E-4],[63.0,4.184235E-4],[64.0,3.2186424E-4],[65.0,2.2530496E-4],[66.0,3.8623708E-4],[67.0,1.6093212E-4],[68.0,4.8279634E-4],[69.0,3.8623708E-4],[70.0,4.184235E-4],[71.0,1.6093212E-4],[72.0,2.8967782E-4],[73.0,9.655927E-5],[74.0,3.5405066E-4],[75.0,2.574914E-4],[76.0,1.6093212E-4],[77.0,1.9311854E-4],[78.0,1.6093212E-4],[79.0,9.655927E-5],[80.0,9.655927E-5],[81.0,2.2530496E-4],[82.0,1.287457E-4],[83.0,1.9311854E-4],[84.0,3.2186424E-4],[85.0,2.8967782E-4],[86.0,1.9311854E-4],[87.0,2.8967782E-4],[88.0,1.287457E-4],[89.0,2.8967782E-4],[90.0,1.6093212E-4],[91.0,2.574914E-4],[92.0,3.8623708E-4],[93.0,2.2530496E-4],[94.0,9.655927E-5],[95.0,9.655927E-5],[96.0,6.437285E-5],[97.0,1.6093212E-4],[98.0,3.2186425E-5],[99.0,6.437285E-5],[100.0,1.9311854E-4],[101.0,1.6093212E-4],[102.0,1.6093212E-4],[103.0,1.287457E-4],[104.0,9.655927E-5],[105.0,3.2186425E-5],[107.0,1.287457E-4],[108.0,9.655927E-5],[109.0,3.2186425E-5],[110.0,1.6093212E-4],[111.0,3.2186425E-5],[112.0,6.437285E-5],[113.0,3.2186425E-5],[114.0,9.655927E-5],[115.0,3.2186425E-5],[121.0,6.437285E-5],[123.0,3.2186425E-5],[126.0,6.437285E-5],[133.0,3.2186425E-5],[135.0,3.2186425E-5],[137.0,6.437285E-5],[138.0,6.437285E-5],[139.0,3.2186425E-5],[140.0,6.437285E-5],[141.0,3.2186425E-5],[148.0,3.2186425E-5],[151.0,3.2186425E-5],[163.0,3.2186425E-5],[177.0,3.2186425E-5],[556.0,3.2186425E-5],[560.0,3.2186425E-5],[565.0,3.2186425E-5],[647.0,3.2186425E-5],[680.0,3.2186425E-5],[751.0,3.2186425E-5],[781.0,3.2186425E-5],[963.0,3.2186425E-5],[980.0,3.2186425E-5]],"quartiles":[-23.0,-5.0,-3.0,0.0,980.0]}
