{"Hour":5,"delays":[42.0,-19.0,-18.0,41.0,122.0,-9.0,-11.0,49.0,14.0,452.0,606.0,15.0,12.0,4.0,11.0,-6.0,92.0,5.0,19.0,10.0,2.0,59.0,7.0,56.0,-12.0,1.0,-8.0,9.0,17.0,23.0,40.0,-17.0,50.0,16.0,-10.0,48.0,32.0,39.0,-4.0,-3.0,93.0,53.0,36.0,-14.0,31.0,45.0,38.0,-1.0,-13.0,33.0,-30.0,47.0,29.0,-7.0,-21.0,25.0,13.0,18.0,-16.0,34.0,51.0,46.0,142.0,24.0,8.0,-15.0,28.0,6.0,3.0,55.0,-22.0,1056.0,21.0,271.0,-5.0,22.0,-2.0,43.0,20.0,27.0,-20.0,35.0,26.0,0.0,30.0],"relatives":[5.8418039490594695E-5,1.1683607898118939E-4,5.841803949059469E-4,1.1683607898118939E-4,5.8418039490594695E-5,0.03551816801028158,0.014662927912139268,1.1683607898118939E-4,0.0012267788293024886,5.8418039490594695E-5,5.8418039490594695E-5,0.0011099427503212993,0.0012267788293024886,0.006250730225493633,0.001694123145227246,0.09446196985629163,5.8418039490594695E-5,0.004206098843322818,6.425984343965416E-4,0.00198621334268022,0.00858745180511742,5.8418039490594695E-5,0.003096156093001519,5.8418039490594695E-5,0.00794485337072088,0.013728239280289753,0.04907115317209954,0.0014604509872648674,4.6734431592475756E-4,2.9209019745297346E-4,2.3367215796237878E-4,5.841803949059469E-4,5.8418039490594695E-5,8.762705923589204E-4,0.027339642481598318,5.8418039490594695E-5,2.3367215796237878E-4,2.3367215796237878E-4,0.12647505549713753,0.12524827666783503,5.8418039490594695E-5,1.1683607898118939E-4,1.1683607898118939E-4,0.0021614674611520036,4.089262764341629E-4,1.1683607898118939E-4,2.9209019745297346E-4,0.09072321532889356,0.005199205514662928,1.752541184717841E-4,5.8418039490594695E-5,5.8418039490594695E-5,5.8418039490594695E-5,0.07062740974412898,5.8418039490594695E-5,2.9209019745297346E-4,9.346886318495151E-4,5.257623554153522E-4,0.0012851968687930832,1.1683607898118939E-4,5.8418039490594695E-5,1.1683607898118939E-4,5.8418039490594695E-5,2.3367215796237878E-4,0.001927795303189625,0.0018109592242084355,3.505082369435682E-4,0.003680336487907466,0.006834910620399579,5.8418039490594695E-5,5.8418039490594695E-5,5.8418039490594695E-5,5.257623554153522E-4,5.8418039490594695E-5,0.123378899404136,7.594345133777311E-4,0.11064376679518635,5.8418039490594695E-5,2.3367215796237878E-4,2.9209019745297346E-4,1.1683607898118939E-4,1.1683607898118939E-4,2.3367215796237878E-4,0.04439771001285197,2.3367215796237878E-4],"distributions":[[-30.0,5.8418038E-5],[-22.0,5.8418038E-5],[-21.0,5.8418038E-5],[-20.0,1.16836076E-4],[-19.0,1.16836076E-4],[-18.0,5.841804E-4],[-17.0,5.841804E-4],[-16.0,0.0012851969],[-15.0,0.0018109592],[-14.0,0.0021614674],[-13.0,0.0051992056],[-12.0,0.007944853],[-11.0,0.014662928],[-10.0,0.027339643],[-9.0,0.03551817],[-8.0,0.04907115],[-7.0,0.070627406],[-6.0,0.09446197],[-5.0,0.1233789],[-4.0,0.12647505],[-3.0,0.12524828],[-2.0,0.11064377],[-1.0,0.09072322],[0.0,0.04439771],[1.0,0.01372824],[2.0,0.008587452],[3.0,0.0068349107],[4.0,0.0062507303],[5.0,0.0042060986],[6.0,0.0036803365],[7.0,0.003096156],[8.0,0.0019277954],[9.0,0.0014604509],[10.0,0.0019862133],[11.0,0.0016941231],[12.0,0.0012267788],[13.0,9.346886E-4],[14.0,0.0012267788],[15.0,0.0011099428],[16.0,8.762706E-4],[17.0,4.673443E-4],[18.0,5.257623E-4],[19.0,6.4259843E-4],[20.0,2.3367215E-4],[21.0,5.257623E-4],[22.0,7.5943454E-4],[23.0,2.920902E-4],[24.0,2.3367215E-4],[25.0,2.920902E-4],[26.0,2.3367215E-4],[27.0,2.920902E-4],[28.0,3.5050823E-4],[29.0,5.8418038E-5],[30.0,2.3367215E-4],[31.0,4.0892628E-4],[32.0,2.3367215E-4],[33.0,1.7525411E-4],[34.0,1.16836076E-4],[35.0,1.16836076E-4],[36.0,1.16836076E-4],[38.0,2.920902E-4],[39.0,2.3367215E-4],[40.0,2.3367215E-4],[41.0,1.16836076E-4],[42.0,5.8418038E-5],[43.0,5.8418038E-5],[45.0,1.16836076E-4],[46.0,1.16836076E-4],[47.0,5.8418038E-5],[48.0,5.8418038E-5],[49.0,1.16836076E-4],[50.0,5.8418038E-5],[51.0,5.8418038E-5],[53.0,1.16836076E-4],[55.0,5.8418038E-5],[56.0,5.8418038E-5],[59.0,5.8418038E-5],[92.0,5.8418038E-5],[93.0,5.8418038E-5],[122.0,5.8418038E-5],[142.0,5.8418038E-5],[271.0,5.8418038E-5],[452.0,5.8418038E-5],[606.0,5.8418038E-5],[1056.0,5.8418038E-5]],"quartiles":[-30.0,-6.0,-4.0,-2.0,1056.0]}
