{"Hour":15,"delays":[644.0,238.0,47.0,495.0,281.0,216.0,584.0,5.0,192.0,-6.0,60.0,326.0,48.0,272.0,96.0,39.0,98.0,-26.0,197.0,334.0,99.0,-5.0,169.0,306.0,65.0,15.0,172.0,234.0,188.0,17.0,1041.0,-14.0,114.0,178.0,-4.0,148.0,156.0,110.0,78.0,173.0,241.0,36.0,144.0,242.0,92.0,330.0,518.0,37.0,182.0,142.0,-18.0,161.0,103.0,290.0,-2.0,-9.0,215.0,116.0,224.0,165.0,240.0,27.0,85.0,41.0,112.0,170.0,101.0,123.0,104.0,343.0,150.0,6.0,71.0,108.0,53.0,206.0,352.0,184.0,186.0,127.0,-10.0,13.0,80.0,191.0,226.0,209.0,267.0,154.0,-17.0,95.0,77.0,73.0,102.0,109.0,3.0,384.0,57.0,12.0,134.0,514.0,171.0,487.0,595.0,255.0,263.0,193.0,2.0,189.0,262.0,231.0,-21.0,350.0,-13.0,88.0,259.0,218.0,155.0,245.0,7.0,266.0,158.0,174.0,43.0,11.0,-23.0,-19.0,75.0,291.0,253.0,87.0,50.0,107.0,18.0,239.0,-7.0,135.0,333.0,10.0,146.0,22.0,269.0,314.0,278.0,297.0,145.0,528.0,-25.0,228.0,233.0,177.0,375.0,117.0,163.0,140.0,339.0,249.0,370.0,132.0,44.0,89.0,66.0,258.0,84.0,195.0,284.0,160.0,288.0,208.0,222.0,414.0,111.0,502.0,286.0,223.0,268.0,86.0,363.0,70.0,61.0,382.0,243.0,63.0,122.0,271.0,24.0,119.0,217.0,432.0,30.0,115.0,168.0,200.0,58.0,90.0,399.0,76.0,93.0,149.0,181.0,31.0,354.0,301.0,248.0,28.0,152.0,67.0,8.0,261.0,312.0,336.0,327.0,190.0,143.0,183.0,386.0,202.0,213.0,254.0,72.0,105.0,147.0,-8.0,29.0,157.0,38.0,40.0,83.0,214.0,14.0,64.0,118.0,153.0,179.0,125.0,20.0,198.0,124.0,237.0,9.0,51.0,-16.0,510.0,381.0,442.0,196.0,21.0,212.0,126.0,256.0,-11.0,16.0,81.0,106.0,69.0,342.0,555.0,210.0,121.0,94.0,-20.0,162.0,315.0,33.0,79.0,260.0,45.0,310.0,130.0,244.0,1076.0,187.0,194.0,120.0,35.0,618.0,62.0,219.0,251.0,68.0,23.0,230.0,227.0,82.0,133.0,59.0,100.0,292.0,280.0,167.0,26.0,264.0,74.0,52.0,247.0,25.0,368.0,562.0,376.0,250.0,299.0,-3.0,137.0,128.0,54.0,151.0,138.0,46.0,488.0,19.0,204.0,359.0,131.0,405.0,139.0,4.0,113.0,166.0,302.0,1.0,136.0,587.0,34.0,-15.0,129.0,538.0,225.0,205.0,49.0,0.0,159.0,42.0,32.0,-1.0,91.0,-12.0,176.0,56.0,97.0,180.0,141.0,55.0],"relatives":[3.254149040026033E-5,6.508298080052066E-5,0.001464367068011715,3.254149040026033E-5,3.254149040026033E-5,3.254149040026033E-5,3.254149040026033E-5,0.018027985681744223,1.3016596160104132E-4,0.04529775463716238,0.0011064106736088514,6.508298080052066E-5,0.0019199479336153597,3.254149040026033E-5,6.182883176049463E-4,0.0023755287992190044,3.90497884803124E-4,3.254149040026033E-5,9.7624471200781E-5,6.508298080052066E-5,5.85746827204686E-4,0.0674259681093394,1.3016596160104132E-4,6.508298080052066E-5,0.0011389521640091116,0.008916368369671331,3.254149040026033E-5,9.7624471200781E-5,1.6270745200130165E-4,0.0074194598112593555,3.254149040026033E-5,0.0021802798568174423,3.5795639440286365E-4,9.7624471200781E-5,0.07064757565896518,2.92873413602343E-4,3.254149040026033E-5,3.5795639440286365E-4,6.182883176049463E-4,1.95248942401562E-4,3.254149040026033E-5,0.0029938171168239504,2.92873413602343E-4,3.254149040026033E-5,5.532053368044257E-4,6.508298080052066E-5,3.254149040026033E-5,0.0025707777416205664,9.7624471200781E-5,2.6033192320208264E-4,1.95248942401562E-4,1.6270745200130165E-4,3.90497884803124E-4,3.254149040026033E-5,0.07126586397657013,0.016108037748128863,9.7624471200781E-5,2.2779043280182233E-4,6.508298080052066E-5,9.7624471200781E-5,3.254149040026033E-5,0.004262935242434104,4.5558086560364467E-4,0.0023755287992190044,2.2779043280182233E-4,1.3016596160104132E-4,5.206638464041653E-4,3.254149040026033E-4,4.230393752033843E-4,6.508298080052066E-5,3.254149040026033E-5,0.01662870159453303,0.0011064106736088514,5.206638464041653E-4,0.0016921575008135372,1.6270745200130165E-4,6.508298080052066E-5,3.254149040026033E-5,2.6033192320208264E-4,2.92873413602343E-4,0.01457858769931663,0.009111617312072893,7.159127888057273E-4,1.6270745200130165E-4,6.508298080052066E-5,6.508298080052066E-5,3.254149040026033E-5,9.7624471200781E-5,3.5795639440286365E-4,4.230393752033843E-4,5.85746827204686E-4,8.460787504067686E-4,4.230393752033843E-4,3.254149040026033E-4,0.02154246664497234,3.254149040026033E-5,0.0013992840872111942,0.01080377481288643,1.3016596160104132E-4,3.254149040026033E-5,1.3016596160104132E-4,3.254149040026033E-5,3.254149040026033E-5,3.254149040026033E-5,3.254149040026033E-5,6.508298080052066E-5,0.024894240156199152,1.6270745200130165E-4,3.254149040026033E-5,9.7624471200781E-5,3.254149040026033E-5,3.254149040026033E-5,0.00296127562642369,6.508298080052066E-4,6.508298080052066E-5,3.254149040026033E-5,1.3016596160104132E-4,3.254149040026033E-5,0.01578262284412626,3.254149040026033E-5,2.2779043280182233E-4,6.508298080052066E-5,0.0017897819720143183,0.010673608851285389,3.254149040026033E-5,1.3016596160104132E-4,6.182883176049463E-4,3.254149040026033E-5,9.7624471200781E-5,7.159127888057273E-4,0.0019199479336153597,1.95248942401562E-4,0.006313049137650504,6.508298080052066E-5,0.03524243410348194,2.2779043280182233E-4,3.254149040026033E-5,0.012528473804100227,1.95248942401562E-4,0.005206638464041653,3.254149040026033E-5,6.508298080052066E-5,6.508298080052066E-5,6.508298080052066E-5,2.92873413602343E-4,3.254149040026033E-5,3.254149040026033E-5,9.7624471200781E-5,3.254149040026033E-5,9.7624471200781E-5,3.254149040026033E-5,2.2779043280182233E-4,1.6270745200130165E-4,1.95248942401562E-4,3.254149040026033E-5,9.7624471200781E-5,3.254149040026033E-5,3.254149040026033E-5,0.0018223234624145787,5.206638464041653E-4,7.484542792059876E-4,3.254149040026033E-5,6.83371298405467E-4,6.508298080052066E-5,3.254149040026033E-5,3.254149040026033E-5,6.508298080052066E-5,6.508298080052066E-5,3.254149040026033E-5,3.254149040026033E-5,3.5795639440286365E-4,3.254149040026033E-5,3.254149040026033E-5,9.7624471200781E-5,3.254149040026033E-5,6.83371298405467E-4,3.254149040026033E-5,5.206638464041653E-4,9.111617312072893E-4,3.254149040026033E-5,6.508298080052066E-5,0.0010413276928083305,2.6033192320208264E-4,3.254149040026033E-5,0.004588350146436707,1.3016596160104132E-4,1.95248942401562E-4,3.254149040026033E-5,0.004555808656036446,3.5795639440286365E-4,1.3016596160104132E-4,6.508298080052066E-5,0.0012040351448096324,5.532053368044257E-4,3.254149040026033E-5,0.0011064106736088514,6.182883176049463E-4,9.7624471200781E-5,6.508298080052066E-5,0.003416856492027335,6.508298080052066E-5,3.254149040026033E-5,3.254149040026033E-5,0.004132769280833062,3.254149040026033E-5,9.437032216075496E-4,0.014350797266514807,3.254149040026033E-5,3.254149040026033E-5,3.254149040026033E-5,6.508298080052066E-5,1.6270745200130165E-4,9.7624471200781E-5,3.254149040026033E-5,3.254149040026033E-5,6.508298080052066E-5,1.3016596160104132E-4,6.508298080052066E-5,0.001171493654409372,5.85746827204686E-4,2.6033192320208264E-4,0.02443865929059551,0.003970061828831761,1.6270745200130165E-4,0.003123983078424992,0.0018548649528148389,9.437032216075496E-4,3.254149040026033E-5,0.007972665148063782,0.0011064106736088514,2.6033192320208264E-4,1.95248942401562E-4,9.7624471200781E-5,3.5795639440286365E-4,0.0065408395704523265,3.254149040026033E-5,2.2779043280182233E-4,3.254149040026033E-5,0.013634884477709079,0.0018223234624145787,6.83371298405467E-4,3.254149040026033E-5,3.254149040026033E-5,3.254149040026033E-5,6.508298080052066E-5,0.006443215099251546,6.508298080052066E-5,1.95248942401562E-4,3.254149040026033E-5,0.006313049137650504,0.007224210868857794,8.460787504067686E-4,3.254149040026033E-4,5.532053368044257E-4,3.254149040026033E-5,3.254149040026033E-5,1.6270745200130165E-4,1.6270745200130165E-4,6.182883176049463E-4,9.7624471200781E-5,9.7624471200781E-5,3.254149040026033E-5,0.003351773511226814,5.206638464041653E-4,3.254149040026033E-5,0.0019524894240156199,3.254149040026033E-5,9.7624471200781E-5,6.508298080052066E-5,3.254149040026033E-5,1.3016596160104132E-4,3.254149040026033E-5,2.92873413602343E-4,0.0027985681744223884,3.254149040026033E-5,0.001171493654409372,1.3016596160104132E-4,3.254149040026033E-5,9.111617312072893E-4,0.005532053368044257,9.7624471200781E-5,9.7624471200781E-5,6.182883176049463E-4,4.8812235600390497E-4,0.0011389521640091116,8.135372600065083E-4,6.508298080052066E-5,