{"Hour":0,"delays":[95.0,242.0,9.0,252.0,140.0,299.0,272.0,115.0,13.0,84.0,232.0,300.0,-4.0,86.0,237.0,314.0,142.0,164.0,66.0,49.0,96.0,122.0,22.0,210.0,467.0,173.0,32.0,346.0,276.0,190.0,224.0,82.0,226.0,135.0,92.0,109.0,368.0,16.0,381.0,2.0,11.0,158.0,256.0,181.0,337.0,68.0,121.0,41.0,197.0,161.0,-17.0,124.0,235.0,308.0,15.0,-11.0,225.0,53.0,67.0,55.0,504.0,788.0,266.0,243.0,174.0,273.0,72.0,236.0,148.0,378.0,189.0,176.0,230.0,51.0,229.0,131.0,261.0,61.0,618.0,73.0,48.0,-3.0,65.0,127.0,238.0,76.0,94.0,257.0,24.0,111.0,499.0,107.0,-10.0,217.0,30.0,42.0,-1.0,79.0,139.0,156.0,209.0,33.0,101.0,28.0,91.0,414.0,40.0,50.0,218.0,384.0,54.0,80.0,191.0,214.0,-13.0,296.0,-8.0,249.0,27.0,43.0,12.0,686.0,3.0,392.0,106.0,303.0,331.0,0.0,-12.0,231.0,207.0,430.0,291.0,233.0,201.0,185.0,182.0,138.0,258.0,60.0,7.0,-9.0,117.0,116.0,104.0,144.0,228.0,311.0,186.0,8.0,251.0,18.0,34.0,149.0,90.0,75.0,4.0,-18.0,47.0,175.0,21.0,99.0,133.0,126.0,137.0,202.0,178.0,59.0,134.0,391.0,271.0,199.0,52.0,262.0,198.0,-16.0,150.0,-20.0,69.0,78.0,136.0,248.0,89.0,102.0,108.0,88.0,105.0,317.0,234.0,306.0,147.0,-19.0,130.0,74.0,166.0,14.0,123.0,160.0,220.0,177.0,377.0,227.0,110.0,1042.0,-15.0,222.0,103.0,119.0,254.0,325.0,46.0,247.0,145.0,112.0,352.0,264.0,63.0,270.0,56.0,187.0,58.0,155.0,97.0,343.0,64.0,128.0,342.0,39.0,574.0,356.0,85.0,329.0,163.0,5.0,213.0,281.0,143.0,168.0,36.0,295.0,62.0,365.0,141.0,153.0,327.0,286.0,196.0,250.0,98.0,193.0,320.0,151.0,208.0,212.0,206.0,183.0,205.0,188.0,20.0,223.0,93.0,267.0,330.0,37.0,-14.0,172.0,165.0,35.0,348.0,171.0,179.0,10.0,154.0,81.0,17.0,118.0,305.0,278.0,219.0,421.0,170.0,259.0,245.0,114.0,244.0,77.0,57.0,253.0,83.0,-2.0,307.0,113.0,125.0,71.0,132.0,19.0,87.0,44.0,362.0,167.0,369.0,38.0,195.0,-7.0,241.0,-6.0,200.0,-5.0,146.0,157.0,180.0,23.0,29.0,284.0,1.0,263.0,120.0,45.0,6.0,203.0,129.0,26.0,293.0,31.0,265.0,25.0,70.0,211.0],"relatives":[0.0014625228519195613,7.312614259597807E-4,0.014259597806215722,3.6563071297989033E-4,0.0018281535648994515,3.6563071297989033E-4,3.6563071297989033E-4,3.6563071297989033E-4,0.007678244972577696,0.0021937842778793418,3.6563071297989033E-4,3.6563071297989033E-4,0.04021937842778794,0.0014625228519195613,7.312614259597807E-4,3.6563071297989033E-4,0.0014625228519195613,3.6563071297989033E-4,0.002559414990859232,0.003656307129798903,0.0010968921389396709,0.0018281535648994515,0.007312614259597806,3.6563071297989033E-4,3.6563071297989033E-4,7.312614259597807E-4,0.0029250457038391227,7.312614259597807E-4,7.312614259597807E-4,7.312614259597807E-4,3.6563071297989033E-4,0.0021937842778793418,0.0010968921389396709,0.0032906764168190127,3.6563071297989033E-4,0.0018281535648994515,3.6563071297989033E-4,0.009872029250457038,3.6563071297989033E-4,0.029981718464351007,0.008409506398537478,0.002559414990859232,7.312614259597807E-4,7.312614259597807E-4,3.6563071297989033E-4,0.0018281535648994515,7.312614259597807E-4,0.002559414990859232,0.0014625228519195613,0.0014625228519195613,7.312614259597807E-4,0.0018281535648994515,0.0010968921389396709,3.6563071297989033E-4,0.009506398537477149,0.0043875685557586835,3.6563071297989033E-4,0.0029250457038391227,0.0010968921389396709,0.0040219378427787935,3.6563071297989033E-4,3.6563071297989033E-4,0.0010968921389396709,3.6563071297989033E-4,0.0018281535648994515,7.312614259597807E-4,0.0014625228519195613,3.6563071297989033E-4,0.002559414990859232,3.6563071297989033E-4,0.0010968921389396709,3.6563071297989033E-4,0.0014625228519195613,0.005118829981718464,0.0010968921389396709,0.0021937842778793418,0.0010968921389396709,0.0029250457038391227,3.6563071297989033E-4,0.0014625228519195613,0.0018281535648994515,0.04497257769652651,0.0018281535648994515,0.002559414990859232,3.6563071297989033E-4,0.0029250457038391227,0.0014625228519195613,0.0014625228519195613,0.006581352833638025,0.0014625228519195613,3.6563071297989033E-4,0.0029250457038391227,0.007678244972577696,7.312614259597807E-4,0.003656307129798903,0.0043875685557586835,0.03546617915904936,0.0021937842778793418,0.0014625228519195613,0.0010968921389396709,7.312614259597807E-4,0.005850091407678245,0.0018281535648994515,0.0032906764168190127,0.0014625228519195613,3.6563071297989033E-4,0.0040219378427787935,0.003656307129798903,7.312614259597807E-4,3.6563071297989033E-4,0.0018281535648994515,0.0021937842778793418,3.6563071297989033E-4,7.312614259597807E-4,0.002559414990859232,3.6563071297989033E-4,0.017915904936014627,7.312614259597807E-4,0.005484460694698354,0.0021937842778793418,0.010237659963436929,3.6563071297989033E-4,0.018647166361974405,3.6563071297989033E-4,7.312614259597807E-4,3.6563071297989033E-4,3.6563071297989033E-4,0.03436928702010969,0.004753199268738574,3.6563071297989033E-4,0.0010968921389396709,3.6563071297989033E-4,3.6563071297989033E-4,0.0010968921389396709,0.0010968921389396709,3.6563071297989033E-4,3.6563071297989033E-4,0.0014625228519195613,3.6563071297989033E-4,0.002559414990859232,0.0113345521023766,0.0113345521023766,0.002559414990859232,0.0014625228519195613,0.0018281535648994515,0.002559414990859232,7.312614259597807E-4,3.6563071297989033E-4,0.002559414990859232,0.0113345521023766,3.6563071297989033E-4,0.006946983546617916,0.005484460694698354,0.0010968921389396709,0.0014625228519195613,0.0010968921389396709,0.017184643510054845,0.0010968921389396709,0.0043875685557586835,0.0010968921389396709,0.009506398537477149,0.0010968921389396709,0.0010968921389396709,0.0010968921389396709,0.0021937842778793418,7.312614259597807E-4,7.312614259597807E-4,0.002559414990859232,0.0018281535648994515,3.6563071297989033E-4,3.6563071297989033E-4,0.0010968921389396709,0.0032906764168190127,3.6563071297989033E-4,3.6563071297989033E-4,7.312614259597807E-4,0.0010968921389396709,0.0010968921389396709,0.0014625228519195613,0.0010968921389396709,0.003656307129798903,3.6563071297989033E-4,0.0010968921389396709,0.002559414990859232,3.6563071297989033E-4,3.6563071297989033E-4,0.0014625228519195613,7.312614259597807E-4,3.6563071297989033E-4,3.6563071297989033E-4,0.0014625228519195613,3.6563071297989033E-4,0.0021937842778793418,0.0010968921389396709,0.0018281535648994515,0.008409506398537478,0.0018281535648994515,7.312614259597807E-4,3.6563071297989033E-4,0.0010968921389396709,3.6563071297989033E-4,3.6563071297989033E-4,0.0014625228519195613,3.6563071297989033E-4,0.0010968921389396709,3.6563071297989033E-4,0.0014625228519195613,0.0021937842778793418,3.6563071297989033E-4,7.312614259597807E-4,0.004753199268738574,7.312614259597807E-4,0.0018281535648994515,0.0018281535648994515,3.6563071297989033E-4,3.6563071297989033E-4,0.0032906764168190127,0.0010968921389396709,0.003656307129798903,7.312614259597807E-4,0.0014625228519195613,0.0029250457038391227,0.0018281535648994515,3.6563071297989033E-4,0.0032906764168190127,0.0021937842778793418,3.6563071297989033E-4,0.0043875685557586835,3.6563071297989033E-4,3.6563071297989033E-4,0.0029250457038391227,7.312614259597807E-4,0.0010968921389396709,0.013528336380255941,0.0010968921389396709,3.6563071297989033E-4,0.0018281535648994515,7.312614259597807E-4,0.0018281535648994515,3.6563071297989033E-4,0.0021937842778793418,3.6563071297989033E-4,0.0014625228519195613,7.312614259597807E-4,3.6563071297989033E-4,7.312614259597807E-4,7.312614259597807E-4,0.0010968921389396709,7.312614259597807E-4,3.6563071297989033E-4,7.312614259597807E-4,0.0029250457038391227,7.312614259597807E-4,7.312614259597807E-4,7.312614259597807E-4,0.0018281535648994515,0.0014625228519195613,7.312614259597807E-4,0.006581352833638025,0.0014625228519195613,0.0021937842778793418,3.6563071297989033E-4,3.6563071297989033E-4,0.0014625228519195613,0.0021937842778793418,7.312614259597807E-4,7.312614259597807E-4,0.004753199268738574,3.6563071297989033E-4,0.0014625228519195613,0.0010968921389396709,0.009140767824497258,0.0018281535648994515,7.312614259597807E-4,0.009140767824497258,0.0021937842778793418,3.6563071297989033E-4,3.6563071297989033E-4,0.0010968921389396709,3.6563071297989033E-4,0.0014625228519195613,7.312614259597807E-4,