{"Hour":21,"delays":[-21.0,212.0,29.0,196.0,352.0,913.0,204.0,40.0,153.0,115.0,18.0,133.0,143.0,169.0,108.0,214.0,10.0,2.0,98.0,52.0,118.0,121.0,253.0,494.0,85.0,203.0,208.0,225.0,831.0,127.0,8.0,309.0,287.0,124.0,211.0,12.0,237.0,210.0,-24.0,278.0,256.0,149.0,359.0,424.0,276.0,192.0,193.0,252.0,84.0,330.0,137.0,294.0,233.0,135.0,219.0,151.0,163.0,68.0,226.0,195.0,385.0,7.0,71.0,75.0,181.0,209.0,114.0,268.0,43.0,154.0,303.0,107.0,325.0,-25.0,73.0,22.0,67.0,-16.0,205.0,168.0,131.0,116.0,150.0,48.0,16.0,378.0,142.0,243.0,242.0,86.0,132.0,-27.0,270.0,-7.0,387.0,319.0,42.0,261.0,134.0,0.0,57.0,103.0,93.0,207.0,129.0,50.0,1.0,69.0,76.0,180.0,224.0,145.0,96.0,123.0,416.0,136.0,126.0,218.0,265.0,259.0,250.0,442.0,17.0,78.0,100.0,222.0,88.0,109.0,383.0,182.0,-28.0,161.0,183.0,292.0,234.0,327.0,258.0,284.0,347.0,-13.0,-18.0,190.0,200.0,-19.0,83.0,125.0,349.0,342.0,166.0,206.0,289.0,147.0,28.0,120.0,156.0,245.0,111.0,81.0,53.0,25.0,97.0,6.0,82.0,308.0,152.0,158.0,162.0,346.0,358.0,87.0,58.0,266.0,-9.0,38.0,74.0,293.0,296.0,4.0,171.0,364.0,880.0,119.0,251.0,564.0,310.0,503.0,56.0,55.0,80.0,274.0,230.0,138.0,401.0,21.0,929.0,217.0,367.0,177.0,199.0,248.0,-5.0,189.0,228.0,139.0,484.0,30.0,157.0,450.0,46.0,194.0,9.0,568.0,62.0,49.0,231.0,262.0,19.0,160.0,272.0,-15.0,44.0,241.0,41.0,140.0,232.0,185.0,14.0,562.0,155.0,59.0,178.0,64.0,26.0,110.0,-22.0,187.0,360.0,70.0,198.0,191.0,492.0,290.0,102.0,11.0,267.0,220.0,148.0,264.0,47.0,65.0,99.0,122.0,318.0,229.0,106.0,452.0,301.0,269.0,295.0,353.0,213.0,300.0,-12.0,176.0,357.0,31.0,260.0,188.0,-1.0,92.0,117.0,164.0,174.0,625.0,215.0,128.0,249.0,240.0,170.0,-3.0,91.0,175.0,72.0,227.0,-23.0,79.0,144.0,216.0,-20.0,94.0,320.0,39.0,34.0,434.0,512.0,403.0,382.0,66.0,23.0,-2.0,337.0,883.0,254.0,184.0,77.0,24.0,54.0,-14.0,645.0,95.0,354.0,283.0,173.0,146.0,197.0,271.0,255.0,201.0,324.0,-8.0,141.0,45.0,239.0,13.0,165.0,3.0,15.0,36.0,32.0,-11.0,27.0,104.0,130.0,396.0,172.0,246.0,244.0,-10.0,51.0,35.0,179.0,315.0,61.0,348.0,323.0,238.0,279.0,33.0,112.0,202.0,235.0,-4.0,223.0,221.0,316.0,400.0,63.0,101.0,813.0,89.0,37.0,20.0,113.0,105.0,247.0,186.0,5.0,60.0,167.0,-6.0,90.0,159.0,-17.0],"relatives":[1.6433853738701725E-4,3.834565872363736E-4,0.004875376609148179,1.6433853738701725E-4,1.0955902492467817E-4,5.477951246233908E-5,1.0955902492467817E-4,0.0042728019720624484,3.834565872363736E-4,0.0010408107367844426,0.007504793207340455,9.312517118597644E-4,7.121336620104081E-4,2.738975623116954E-4,0.001369487811558477,2.1911804984935633E-4,0.01084634346754314,0.01851547521227061,0.0015886058614078334,0.002738975623116954,9.860312243221035E-4,8.764721993974253E-4,2.1911804984935633E-4,5.477951246233908E-5,0.001259928786633799,2.1911804984935633E-4,3.286770747740345E-4,1.0955902492467817E-4,5.477951246233908E-5,7.121336620104081E-4,0.010627225417693783,5.477951246233908E-5,1.0955902492467817E-4,3.834565872363736E-4,1.6433853738701725E-4,0.009476855655984662,1.6433853738701725E-4,6.57354149548069E-4,1.0955902492467817E-4,5.477951246233908E-5,5.477951246233908E-5,4.3823609969871266E-4,5.477951246233908E-5,5.477951246233908E-5,1.0955902492467817E-4,2.1911804984935633E-4,3.286770747740345E-4,2.1911804984935633E-4,0.001972062448644207,5.477951246233908E-5,7.669131744727472E-4,5.477951246233908E-5,2.738975623116954E-4,3.286770747740345E-4,2.738975623116954E-4,6.025746370857299E-4,5.477951246233908E-4,0.0023007395234182415,3.286770747740345E-4,4.930156121610517E-4,5.477951246233908E-5,0.01199671322925226,0.0023555190358805806,0.002026841961106546,2.738975623116954E-4,3.834565872363736E-4,0.0012051492741714598,1.0955902492467817E-4,0.003286770747740345,7.669131744727472E-4,5.477951246233908E-5,0.0010955902492467817,2.1911804984935633E-4,5.477951246233908E-5,0.001314708299096138,0.0053136127088468914,0.002684196110654615,8.764721993974253E-4,2.738975623116954E-4,3.834565872363736E-4,5.477951246233908E-4,6.57354149548069E-4,2.738975623116954E-4,0.003834565872363736,0.006409202958093673,5.477951246233908E-5,6.025746370857299E-4,1.6433853738701725E-4,1.0955902492467817E-4,0.001369487811558477,8.764721993974253E-4,5.477951246233908E-5,1.0955902492467817E-4,0.026239386469460422,5.477951246233908E-5,5.477951246233908E-5,0.0031224322103533277,1.6433853738701725E-4,7.669131744727472E-4,0.04365927143248425,0.0028485346480416323,0.001369487811558477,0.001314708299096138,2.1911804984935633E-4,8.216926869350862E-4,0.0036154478225143795,0.024760339632977267,0.002081621473568885,0.0022459600109559024,4.930156121610517E-4,2.1911804984935633E-4,8.216926869350862E-4,0.0010408107367844426,3.286770747740345E-4,5.477951246233908E-5,6.025746370857299E-4,9.312517118597644E-4,2.738975623116954E-4,1.0955902492467817E-4,1.6433853738701725E-4,1.6433853738701725E-4,5.477951246233908E-5,0.008052588331963845,0.0018625034237195288,0.0012051492741714598,2.1911804984935633E-4,0.001917282936181868,9.860312243221035E-4,5.477951246233908E-5,2.738975623116954E-4,1.0955902492467817E-4,3.834565872363736E-4,4.3823609969871266E-4,1.0955902492467817E-4,1.0955902492467817E-4,5.477951246233908E-5,5.477951246233908E-5,1.0955902492467817E-4,5.477951246233908E-5,0.0030128731854286495,2.738975623116954E-4,3.286770747740345E-4,1.0955902492467817E-4,3.834565872363736E-4,0.0017529443987948506,6.025746370857299E-4,5.477951246233908E-5,5.477951246233908E-5,7.121336620104081E-4,4.3823609969871266E-4,1.0955902492467817E-4,7.669131744727472E-4,0.005477951246233908,9.860312243221035E-4,4.3823609969871266E-4,1.6433853738701725E-4,0.0016981648863325116,0.001917282936181868,0.0029580936729663105,0.006135305395781977,0.0017529443987948506,0.012161051766639277,0.002081621473568885,1.0955902492467817E-4,6.57354149548069E-4,8.764721993974253E-4,2.738975623116954E-4,5.477951246233908E-5,5.477951246233908E-5,0.0016433853738701725,0.003341550260202684,5.477951246233908E-5,0.015064365927143249,0.004053683922213092,0.0023007395234182415,5.477951246233908E-5,1.0955902492467817E-4,0.014845247877293893,4.930156121610517E-4,5.477951246233908E-5,5.477951246233908E-5,0.0010408107367844426,1.0955902492467817E-4,5.477951246233908E-5,1.0955902492467817E-4,5.477951246233908E-5,0.0035606683100520404,0.0035058887975897013,0.0017529443987948506,5.477951246233908E-5,1.6433853738701725E-4,3.834565872363736E-4,5.477951246233908E-5,0.006628321007943029,5.477951246233908E-5,1.0955902492467817E-4,5.477951246233908E-5,3.286770747740345E-4,2.1911804984935633E-4,1.0955902492467817E-4,0.053738701725554644,4.3823609969871266E-4,2.1911804984935633E-4,6.57354149548069E-4,5.477951246233908E-5,0.006190084908244317,4.3823609969871266E-4,5.477951246233908E-5,0.003944124897288414,5.477951246233908E-4,0.009969871268145714,5.477951246233908E-5,0.0035606683100520404,0.002574637085729937,2.738975623116954E-4,5.477951246233908E-5,0.007011777595179403,7.121336620104081E-4,5.477951246233908E-5,0.0011503697617091207,0.003286770747740345,1.6433853738701725E-4,0.0036154478225143795,3.834565872363736E-4,3.286770747740345E-4,1.6433853738701725E-4,0.007504793207340455,5.477951246233908E-5,6.57354149548069E-4,0.002793755135579293,3.286770747740345E-4,0.0021911804984935633,0.004984935634072857,0.0010408107367844426,1.6433853738701725E-4,1.6433853738701725E-4,5.477951246233908E-5,0.002519857573267598,3.286770747740345E-4,3.834565872363736E-4,5.477951246233908E-5,1.0955902492467817E-4,0.001259928786633799,0.009038619556285949,1.6433853738701725E-4,2.738975623116954E-4,7.669131744727472E-4,1.6433853738701725E-4,0.003834565872363736,0.0029033141605039714,0.001314708299096138,9.312517118597644E-4,5.477951246233908E-5,3.834565872363736E-4,0.0014242673240208161,5.477951246233908E-5,1.0955902492467817E-4,1.0955902492467817E-4,5.477951246233908E-5,5.477951246233908E-5,1.0955902492467817E-4,5.477951246233908E-5,0.003889345384826075,3.834565872363736E-4,5.477951246233908E-5,0.004053683922213092,1.0955902492467817E-4,3.834565872363736E-4,0.05258833196384552,0.001369487811558477,0.0010955902492467817,5.477951246233908E-4,6.025746370857299E-4,5.477951246233908E-5,