{"Hour":22,"density_function":[[-24.0,7.940289E-5],[-23.0,2.3820867E-4],[-22.0,2.3820867E-4],[-21.0,2.3820867E-4],[-20.0,4.7641734E-4],[-19.0,1.5880578E-4],[-18.0,5.5582024E-4],[-17.0,4.7641734E-4],[-16.0,0.0013498492],[-15.0,0.0018262665],[-14.0,0.0013498492],[-13.0,0.0026996983],[-12.0,0.0033349213],[-11.0,0.006431634],[-10.0,0.010322376],[-9.0,0.011116405],[-8.0,0.0165158],[-7.0,0.020565348],[-6.0,0.031919964],[-5.0,0.045418452],[-4.0,0.045497857],[-3.0,0.05026203],[-2.0,0.051453073],[-1.0,0.045497857],[0.0,0.04645069],[1.0,0.024932507],[2.0,0.018818485],[3.0,0.018739082],[4.0,0.017151024],[5.0,0.017627442],[6.0,0.013419089],[7.0,0.012942671],[8.0,0.011195808],[9.0,0.012386851],[10.0,0.011037001],[11.0,0.009925362],[12.0,0.010639987],[13.0,0.011037001],[14.0,0.008813721],[15.0,0.010719391],[16.0,0.008575512],[17.0,0.010004764],[18.0,0.0076226774],[19.0,0.008019692],[20.0,0.0060346196],[21.0,0.0069874544],[22.0,0.007305066],[23.0,0.0071462602],[24.0,0.006749246],[25.0,0.007225663],[26.0,0.00659044],[27.0,0.0054787993],[28.0,0.006272828],[29.0,0.0063522314],[30.0,0.004605368],[31.0,0.0045259646],[32.0,0.005240591],[33.0,0.005081785],[34.0,0.0055582025],[35.0,0.005240591],[36.0,0.004605368],[37.0,0.004605368],[38.0,0.0042083533],[39.0,0.004287756],[40.0,0.005002382],[41.0,0.00412895],[42.0,0.0034143243],[43.0,0.0034143243],[44.0,0.0042083533],[45.0,0.0038907416],[46.0,0.0040495475],[47.0,0.004605368],[48.0,0.0026202954],[49.0,0.0034937272],[50.0,0.003652533],[51.0,0.0034143243],[52.0,0.0030967128],[53.0,0.0015086549],[54.0,0.002858504],[55.0,0.003652533],[56.0,0.0013498492],[57.0,0.002223281],[58.0,0.0027791013],[59.0,0.0026202954],[60.0,0.0025408925],[61.0,0.0019056693],[62.0,0.002302684],[63.0,0.002858504],[64.0,0.0025408925],[65.0,0.0023820868],[66.0,0.0023820868],[67.0,0.0025408925],[68.0,0.0017468636],[69.0,0.0018262665],[70.0,0.0019850722],[71.0,0.002302684],[72.0,0.0011910434],[73.0,0.0015086549],[74.0,0.002064475],[75.0,0.002143878],[76.0,0.0027791013],[77.0,0.0016674607],[78.0,0.0023820868],[79.0,0.0017468636],[80.0,0.0016674607],[81.0,0.0016674607],[82.0,0.002064475],[83.0,0.0015086549],[84.0,0.0016674607],[85.0,0.0016674607],[86.0,0.0015086549],[87.0,0.001429252],[88.0,0.0012704462],[89.0,0.0013498492],[90.0,9.528347E-4],[91.0,0.0015086549],[92.0,0.0011910434],[93.0,0.0011910434],[94.0,0.0011116405],[95.0,0.0018262665],[96.0,0.0011116405],[97.0,0.0019056693],[98.0,0.001429252],[99.0,0.001429252],[100.0,0.002223281],[101.0,0.0010322375],[102.0,0.0013498492],[103.0,0.0011910434],[104.0,0.0016674607],[105.0,0.0019056693],[106.0,0.0019056693],[107.0,0.001429252],[108.0,0.0012704462],[109.0,9.528347E-4],[110.0,0.0015086549],[111.0,7.14626E-4],[112.0,5.5582024E-4],[113.0,0.0010322375],[114.0,0.0013498492],[115.0,0.0015880578],[116.0,7.940289E-4],[117.0,0.0011116405],[118.0,0.0010322375],[119.0,0.0012704462],[120.0,0.0015880578],[121.0,0.0018262665],[122.0,0.001429252],[123.0,0.0016674607],[124.0,0.0012704462],[125.0,0.0011116405],[126.0,7.14626E-4],[127.0,0.0011116405],[128.0,7.14626E-4],[129.0,7.14626E-4],[130.0,0.0011910434],[131.0,9.528347E-4],[132.0,9.528347E-4],[133.0,8.734318E-4],[134.0,8.734318E-4],[135.0,0.0011116405],[136.0,0.0010322375],[137.0,0.0011116405],[138.0,7.940289E-4],[139.0,8.734318E-4],[140.0,0.0010322375],[141.0,7.940289E-4],[142.0,8.734318E-4],[143.0,4.7641734E-4],[144.0,9.528347E-4],[145.0,5.5582024E-4],[146.0,0.0010322375],[147.0,7.940289E-4],[148.0,9.528347E-4],[149.0,3.9701446E-4],[150.0,9.528347E-4],[151.0,9.528347E-4],[152.0,5.5582024E-4],[153.0,7.14626E-4],[154.0,4.7641734E-4],[155.0,7.14626E-4],[156.0,3.1761156E-4],[157.0,0.0010322375],[158.0,5.5582024E-4],[159.0,7.14626E-4],[160.0,8.734318E-4],[161.0,8.734318E-4],[162.0,6.352231E-4],[163.0,8.734318E-4],[164.0,6.352231E-4],[165.0,8.734318E-4],[166.0,5.5582024E-4],[167.0,8.734318E-4],[168.0,5.5582024E-4],[169.0,8.734318E-4],[170.0,8.734318E-4],[171.0,5.5582024E-4],[172.0,9.528347E-4],[173.0,3.1761156E-4],[174.0,6.352231E-4],[175.0,4.7641734E-4],[176.0,9.528347E-4],[177.0,5.5582024E-4],[178.0,3.9701446E-4],[179.0,3.9701446E-4],[180.0,7.14626E-4],[181.0,9.528347E-4],[182.0,1.5880578E-4],[183.0,4.7641734E-4],[184.0,1.5880578E-4],[185.0,6.352231E-4],[186.0,3.1761156E-4],[187.0,3.1761156E-4],[188.0,3.1761156E-4],[189.0,5.5582024E-4],[190.0,6.352231E-4],[191.0,5.5582024E-4],[192.0,3.1761156E-4],[193.0,2.3820867E-4],[194.0,1.5880578E-4],[195.0,5.5582024E-4],[196.0,4.7641734E-4],[197.0,6.352231E-4],[198.0,2.3820867E-4],[199.0,5.5582024E-4],[200.0,3.9701446E-4],[201.0,1.5880578E-4],[202.0,4.7641734E-4],[203.0,5.5582024E-4],[204.0,5.5582024E-4],[205.0,2.3820867E-4],[206.0,2.3820867E-4],[207.0,3.1761156E-4],[208.0,6.352231E-4],[209.0,3.9701446E-4],[210.0,2.3820867E-4],[211.0,2.3820867E-4],[213.0,1.5880578E-4],[214.0,3.1761156E-4],[215.0,7.940289E-5],[216.0,2.3820867E-4],[217.0,2.3820867E-4],[218.0,3.9701446E-4],[219.0,2.3820867E-4],[220.0,2.3820867E-4],[221.0,3.1761156E-4],[222.0,5.5582024E-4],[223.0,7.940289E-5],[224.0,3.9701446E-4],[225.0,3.9701446E-4],[226.0,3.1761156E-4],[227.0,7.940289E-5],[228.0,3.9701446E-4],[229.0,7.940289E-5],[230.0,7.940289E-5],[231.0,7.940289E-5],[233.0,3.1761156E-4],[235.0,3.1761156E-4],[237.0,2.3820867E-4],[238.0,1.5880578E-4],[239.0,4.7641734E-4],[240.0,3.1761156E-4],[241.0,7.940289E-5],[242.0,1.5880578E-4],[243.0,1.5880578E-4],[244.0,1.5880578E-4],[246.0,7.940289E-5],[247.0,7.940289E-5],[248.0,1.5880578E-4],[249.0,2.3820867E-4],[250.0,2.3820867E-4],[251.0,1.5880578E-4],[252.0,7.940289E-5],[255.0,2.3820867E-4],[256.0,7.940289E-5],[257.0,7.940289E-5],[258.0,1.5880578E-4],[259.0,7.940289E-5],[260.0,7.940289E-5],[261.0,1.5880578E-4],[262.0,1.5880578E-4],[264.0,2.3820867E-4],[267.0,7.940289E-5],[268.0,2.3820867E-4],[270.0,2.3820867E-4],[271.0,7.940289E-5],[272.0,1.5880578E-4],[273.0,7.940289E-5],[274.0,2.3820867E-4],[275.0,3.1761156E-4],[277.0,1.5880578E-4],[279.0,2.3820867E-4],[280.0,1.5880578E-4],[282.0,1.5880578E-4],[285.0,7.940289E-5],[286.0,1.5880578E-4],[287.0,7.940289E-5],[288.0,7.940289E-5],[290.0,7.940289E-5],[291.0,1.5880578E-4],[292.0,1.5880578E-4],[293.0,7.940289E-5],[297.0,7.940289E-5],[298.0,7.940289E-5],[299.0,7.940289E-5],[300.0,2.3820867E-4],[301.0,1.5880578E-4],[302.0,7.940289E-5],[303.0,2.3820867E-4],[305.0,7.940289E-5],[306.0,1.5880578E-4],[308.0,7.940289E-5],[309.0,1.5880578E-4],[310.0,7.940289E-5],[311.0,7.940289E-5],[313.0,7.940289E-5],[314.0,7.940289E-5],[315.0,7.940289E-5],[316.0,2.3820867E-4],[317.0,1.5880578E-4],[318.0,1.5880578E-4],[319.0,7.940289E-5],[320.0,7.940289E-5],[321.0,7.940289E-5],[322.0,7.940289E-5],[323.0,7.940289E-5],[324.0,7.940289E-5],[325.0,7.940289E-5],[328.0,7.940289E-5],[329.0,7.940289E-5],[330.0,7.940289E-5],[331.0,1.5880578E-4],[332.0,1.5880578E-4],[335.0,7.940289E-5],[336.0,1.5880578E-4],[337.0,7.940289E-5],[339.0,7.940289E-5],[341.0,1.5880578E-4],[343.0,7.940289E-5],[347.0,7.940289E-5],[350.0,7.940289E-5],[351.0,7.940289E-5],[356.0,1.5880578E-4],[357.0,7.940289E-5],[361.0,7.940289E-5],[362.0,7.940289E-5],[363.0,7.940289E-5],[367.0,7.940289E-5],[368.0,7.940289E-5],[371.0,7.940289E-5],[373.0,7.940289E-5],[374.0,7.940289E-5],[375.0,7.940289E-5],[378.0,7.940289E-5],[379.0,7.940289E-5],[382.0,7.940289E-5],[384.0,2.3820867E-4],[386.0,7.940289E-5],[390.0,7.940289E-5],[399.0,7.940289E-5],[408.0,7.940289E-5],[409.0,7.940289E-5],[417.0,7.940289E-5],[424.0,7.940289E-5],[429.0,7.940289E-5],[438.0,1.5880578E-4],[441.0,7.940289E-5],[454.0,7.940289E-5],[455.0,7.940289E-5],[459.0,7.940289E-5],[472.0,7.940289E-5],[481.0,7.940289E-5],[522.0,7.940289E-5],[547.0,7.940289E-5],[732.0,7.940289E-5],[907.0,7.940289E-5]],"quartiles":"[-24.0, -3.0, 6.0, 39.0, 907.0]"}
