{"Hour":1,"density_function":[[-22.0,0.0011682243],[-21.0,0.0023364485],[-19.0,0.0011682243],[-17.0,0.0011682243],[-16.0,0.0011682243],[-15.0,0.0011682243],[-14.0,0.0035046728],[-13.0,0.0058411215],[-12.0,0.004672897],[-11.0,0.00817757],[-10.0,0.011682243],[-9.0,0.014018691],[-8.0,0.015186916],[-7.0,0.024532711],[-6.0,0.03271028],[-5.0,0.025700934],[-4.0,0.021028038],[-3.0,0.03621495],[-2.0,0.030373832],[-1.0,0.03271028],[0.0,0.015186916],[1.0,0.010514019],[2.0,0.009345794],[3.0,0.010514019],[4.0,0.015186916],[5.0,0.024532711],[6.0,0.015186916],[7.0,0.010514019],[8.0,0.012850467],[9.0,0.009345794],[10.0,0.015186916],[11.0,0.00817757],[12.0,0.0070093456],[13.0,0.009345794],[14.0,0.00817757],[15.0,0.012850467],[16.0,0.0058411215],[17.0,0.009345794],[18.0,0.0058411215],[19.0,0.012850467],[20.0,0.010514019],[21.0,0.0058411215],[22.0,0.0023364485],[23.0,0.010514019],[24.0,0.0058411215],[25.0,0.010514019],[26.0,0.0070093456],[27.0,0.0070093456],[28.0,0.0035046728],[29.0,0.012850467],[30.0,0.0035046728],[32.0,0.009345794],[33.0,0.0011682243],[34.0,0.0011682243],[35.0,0.004672897],[36.0,0.004672897],[37.0,0.0023364485],[38.0,0.0023364485],[39.0,0.0011682243],[40.0,0.0023364485],[41.0,0.0035046728],[42.0,0.0035046728],[43.0,0.0011682243],[44.0,0.0035046728],[46.0,0.0070093456],[47.0,0.0035046728],[48.0,0.0023364485],[49.0,0.0035046728],[50.0,0.0011682243],[51.0,0.004672897],[52.0,0.0023364485],[53.0,0.0023364485],[54.0,0.0011682243],[55.0,0.0035046728],[56.0,0.0023364485],[58.0,0.0058411215],[59.0,0.0035046728],[60.0,0.0023364485],[61.0,0.004672897],[62.0,0.0035046728],[63.0,0.0035046728],[64.0,0.0023364485],[65.0,0.00817757],[66.0,0.0011682243],[67.0,0.0035046728],[68.0,0.0011682243],[69.0,0.004672897],[70.0,0.0035046728],[71.0,0.0023364485],[72.0,0.004672897],[73.0,0.0035046728],[74.0,0.0023364485],[75.0,0.0023364485],[77.0,0.0011682243],[78.0,0.0035046728],[79.0,0.0011682243],[80.0,0.0058411215],[81.0,0.0023364485],[83.0,0.0011682243],[84.0,0.004672897],[86.0,0.0011682243],[88.0,0.0035046728],[89.0,0.0011682243],[91.0,0.0023364485],[92.0,0.0035046728],[93.0,0.0011682243],[94.0,0.0023364485],[95.0,0.0023364485],[96.0,0.0011682243],[97.0,0.0011682243],[98.0,0.0011682243],[99.0,0.0023364485],[100.0,0.0023364485],[101.0,0.004672897],[102.0,0.0023364485],[103.0,0.0011682243],[106.0,0.0011682243],[107.0,0.0011682243],[108.0,0.0011682243],[112.0,0.0058411215],[113.0,0.0023364485],[115.0,0.0023364485],[116.0,0.0035046728],[117.0,0.0023364485],[118.0,0.0035046728],[120.0,0.0023364485],[121.0,0.0023364485],[123.0,0.0035046728],[124.0,0.0035046728],[125.0,0.0011682243],[126.0,0.0023364485],[127.0,0.0035046728],[128.0,0.0011682243],[130.0,0.004672897],[132.0,0.0011682243],[133.0,0.0023364485],[135.0,0.0011682243],[137.0,0.0023364485],[138.0,0.0011682243],[139.0,0.0058411215],[140.0,0.0011682243],[141.0,0.0011682243],[143.0,0.0023364485],[144.0,0.0011682243],[146.0,0.0011682243],[147.0,0.0023364485],[148.0,0.0011682243],[149.0,0.0023364485],[150.0,0.0011682243],[152.0,0.0011682243],[153.0,0.0011682243],[154.0,0.0011682243],[155.0,0.0023364485],[160.0,0.0035046728],[163.0,0.0011682243],[164.0,0.0011682243],[165.0,0.0011682243],[166.0,0.0035046728],[167.0,0.0023364485],[168.0,0.0011682243],[169.0,0.0011682243],[170.0,0.0011682243],[173.0,0.0011682243],[174.0,0.0023364485],[176.0,0.0011682243],[177.0,0.0023364485],[178.0,0.0011682243],[179.0,0.0011682243],[181.0,0.0011682243],[182.0,0.0070093456],[183.0,0.0023364485],[184.0,0.0011682243],[187.0,0.0011682243],[190.0,0.0011682243],[191.0,0.0011682243],[192.0,0.0023364485],[193.0,0.0023364485],[194.0,0.0023364485],[195.0,0.0023364485],[196.0,0.0023364485],[197.0,0.0011682243],[198.0,0.0011682243],[200.0,0.0011682243],[202.0,0.0011682243],[204.0,0.0023364485],[205.0,0.0011682243],[207.0,0.0023364485],[209.0,0.0023364485],[212.0,0.0011682243],[215.0,0.0023364485],[216.0,0.0011682243],[217.0,0.0011682243],[218.0,0.0035046728],[221.0,0.0011682243],[222.0,0.0011682243],[223.0,0.0023364485],[226.0,0.0011682243],[233.0,0.0011682243],[235.0,0.0011682243],[238.0,0.0011682243],[239.0,0.0023364485],[240.0,0.0011682243],[244.0,0.0011682243],[246.0,0.0011682243],[247.0,0.0011682243],[252.0,0.0011682243],[259.0,0.0011682243],[262.0,0.0011682243],[263.0,0.0011682243],[264.0,0.0011682243],[269.0,0.0011682243],[271.0,0.0011682243],[276.0,0.0011682243],[277.0,0.0011682243],[279.0,0.0023364485],[280.0,0.0011682243],[281.0,0.0011682243],[286.0,0.0011682243],[292.0,0.0011682243],[297.0,0.0011682243],[298.0,0.0011682243],[302.0,0.0011682243],[309.0,0.0011682243],[314.0,0.0011682243],[325.0,0.0011682243],[329.0,0.0023364485],[332.0,0.0011682243],[333.0,0.0011682243],[334.0,0.0011682243],[336.0,0.0023364485],[339.0,0.0011682243],[340.0,0.0011682243],[341.0,0.0011682243],[342.0,0.0011682243],[345.0,0.0011682243],[352.0,0.0011682243],[359.0,0.0011682243],[360.0,0.0011682243],[362.0,0.0011682243],[372.0,0.0011682243],[380.0,0.0011682243],[386.0,0.0011682243],[416.0,0.0011682243],[417.0,0.0011682243],[428.0,0.0011682243],[431.0,0.0011682243],[453.0,0.0011682243],[486.0,0.0011682243]],"quartiles":"[-22.0, -1.0, 19.0, 92.0, 486.0]"}
