{"Hour":23,"density_function":[[-42.0,1.7298045E-4],[-33.0,1.7298045E-4],[-31.0,3.459609E-4],[-24.0,1.7298045E-4],[-22.0,1.7298045E-4],[-21.0,3.459609E-4],[-19.0,3.459609E-4],[-18.0,3.459609E-4],[-17.0,0.0013838436],[-16.0,3.459609E-4],[-15.0,0.0017298046],[-14.0,0.0017298046],[-13.0,0.0027676872],[-12.0,0.0067462376],[-11.0,0.005016433],[-10.0,0.01124373],[-9.0,0.011935651],[-8.0,0.017816987],[-7.0,0.022141498],[-6.0,0.02698495],[-5.0,0.040304445],[-4.0,0.039958484],[-3.0,0.047569625],[-2.0,0.05068327],[-1.0,0.04964539],[0.0,0.04099637],[1.0,0.019892752],[2.0,0.014184397],[3.0,0.013319495],[4.0,0.012800554],[5.0,0.01141671],[6.0,0.010897769],[7.0,0.009859886],[8.0,0.007957101],[9.0,0.007265179],[10.0,0.0062272963],[11.0,0.009167964],[12.0,0.006400277],[13.0,0.008476042],[14.0,0.006919218],[15.0,0.0062272963],[16.0,0.005708355],[17.0,0.005016433],[18.0,0.004151531],[19.0,0.006573257],[20.0,0.005708355],[21.0,0.0048434525],[22.0,0.0048434525],[23.0,0.00380557],[24.0,0.0051894137],[25.0,0.003459609],[26.0,0.0029406678],[27.0,0.0055353744],[28.0,0.003459609],[29.0,0.0039785504],[30.0,0.0039785504],[31.0,0.0044974918],[32.0,0.0032866285],[33.0,0.0031136482],[34.0,0.003459609],[35.0,0.0036325895],[36.0,0.0029406678],[37.0,0.0031136482],[38.0,0.0029406678],[39.0,0.00380557],[40.0,0.003459609],[41.0,0.0029406678],[42.0,0.0032866285],[43.0,0.003459609],[44.0,0.0027676872],[45.0,0.0036325895],[46.0,0.0013838436],[47.0,0.0031136482],[48.0,0.0039785504],[49.0,0.0025947068],[50.0,0.0048434525],[51.0,0.004151531],[52.0,0.0032866285],[53.0,0.0031136482],[54.0,0.00380557],[55.0,0.005016433],[56.0,0.0020757655],[57.0,0.0020757655],[58.0,0.0060543157],[59.0,0.0029406678],[60.0,0.0036325895],[61.0,0.0039785504],[62.0,0.003459609],[63.0,0.0032866285],[64.0,0.0046704723],[65.0,0.0039785504],[66.0,0.0062272963],[67.0,0.0036325895],[68.0,0.0017298046],[69.0,0.0022487459],[70.0,0.0029406678],[71.0,0.0039785504],[72.0,0.003459609],[73.0,0.004151531],[74.0,0.0032866285],[75.0,0.0032866285],[76.0,0.003459609],[77.0,0.004324511],[78.0,0.0024217262],[79.0,0.0032866285],[80.0,0.003459609],[81.0,0.0020757655],[82.0,0.0020757655],[83.0,0.0036325895],[84.0,0.0029406678],[85.0,0.0032866285],[86.0,0.0025947068],[87.0,0.0039785504],[88.0,0.0036325895],[89.0,0.0031136482],[90.0,0.00380557],[91.0,0.001902785],[92.0,0.0017298046],[93.0,0.0025947068],[94.0,0.0029406678],[95.0,0.0020757655],[96.0,0.0017298046],[97.0,0.0020757655],[98.0,0.0015568241],[99.0,0.0017298046],[100.0,0.0025947068],[101.0,0.004151531],[102.0,0.0020757655],[103.0,0.0015568241],[104.0,0.0017298046],[105.0,0.0027676872],[106.0,0.0020757655],[107.0,0.0025947068],[108.0,0.0017298046],[109.0,0.0012108631],[110.0,0.0020757655],[111.0,0.0022487459],[112.0,0.0017298046],[113.0,0.0031136482],[114.0,0.001902785],[115.0,0.0022487459],[116.0,0.0027676872],[117.0,0.0022487459],[118.0,0.0025947068],[119.0,0.0025947068],[120.0,0.0020757655],[121.0,8.649023E-4],[122.0,8.649023E-4],[123.0,8.649023E-4],[124.0,0.0015568241],[125.0,8.649023E-4],[126.0,0.0010378828],[127.0,0.0022487459],[128.0,0.0010378828],[129.0,8.649023E-4],[130.0,8.649023E-4],[131.0,6.919218E-4],[132.0,0.0020757655],[133.0,8.649023E-4],[134.0,0.0010378828],[135.0,0.0013838436],[136.0,8.649023E-4],[137.0,0.0015568241],[138.0,0.001902785],[139.0,0.0012108631],[140.0,0.0015568241],[141.0,8.649023E-4],[142.0,0.0012108631],[143.0,0.0015568241],[144.0,8.649023E-4],[145.0,0.0012108631],[146.0,0.0010378828],[147.0,8.649023E-4],[148.0,6.919218E-4],[149.0,0.0017298046],[150.0,8.649023E-4],[151.0,8.649023E-4],[152.0,0.001902785],[153.0,8.649023E-4],[154.0,0.0015568241],[155.0,0.0015568241],[156.0,0.0015568241],[157.0,0.0024217262],[158.0,0.0010378828],[159.0,6.919218E-4],[160.0,0.0012108631],[161.0,8.649023E-4],[162.0,0.0020757655],[163.0,8.649023E-4],[164.0,5.189414E-4],[165.0,0.0015568241],[166.0,8.649023E-4],[167.0,0.0017298046],[168.0,5.189414E-4],[169.0,6.919218E-4],[170.0,0.0012108631],[171.0,0.0010378828],[172.0,0.0013838436],[173.0,0.0010378828],[174.0,0.0010378828],[175.0,0.0017298046],[176.0,3.459609E-4],[177.0,8.649023E-4],[178.0,0.0010378828],[179.0,0.0010378828],[180.0,5.189414E-4],[181.0,0.0013838436],[182.0,3.459609E-4],[183.0,3.459609E-4],[184.0,8.649023E-4],[185.0,3.459609E-4],[186.0,0.0010378828],[187.0,3.459609E-4],[188.0,0.0012108631],[189.0,0.0015568241],[190.0,0.0012108631],[191.0,6.919218E-4],[192.0,8.649023E-4],[193.0,6.919218E-4],[194.0,3.459609E-4],[195.0,8.649023E-4],[196.0,5.189414E-4],[197.0,0.0010378828],[198.0,6.919218E-4],[199.0,0.0013838436],[200.0,8.649023E-4],[201.0,6.919218E-4],[202.0,3.459609E-4],[203.0,5.189414E-4],[204.0,0.0010378828],[205.0,1.7298045E-4],[206.0,0.0012108631],[207.0,3.459609E-4],[208.0,6.919218E-4],[209.0,6.919218E-4],[210.0,8.649023E-4],[211.0,8.649023E-4],[212.0,3.459609E-4],[213.0,3.459609E-4],[214.0,3.459609E-4],[215.0,6.919218E-4],[216.0,3.459609E-4],[217.0,3.459609E-4],[218.0,3.459609E-4],[219.0,5.189414E-4],[220.0,5.189414E-4],[221.0,5.189414E-4],[222.0,3.459609E-4],[223.0,0.0010378828],[224.0,1.7298045E-4],[226.0,5.189414E-4],[227.0,0.0012108631],[228.0,3.459609E-4],[229.0,3.459609E-4],[230.0,6.919218E-4],[231.0,1.7298045E-4],[232.0,3.459609E-4],[233.0,6.919218E-4],[234.0,3.459609E-4],[235.0,1.7298045E-4],[236.0,3.459609E-4],[237.0,3.459609E-4],[239.0,6.919218E-4],[240.0,6.919218E-4],[241.0,3.459609E-4],[242.0,1.7298045E-4],[243.0,6.919218E-4],[244.0,3.459609E-4],[245.0,3.459609E-4],[246.0,5.189414E-4],[247.0,1.7298045E-4],[249.0,3.459609E-4],[251.0,1.7298045E-4],[253.0,1.7298045E-4],[254.0,3.459609E-4],[256.0,3.459609E-4],[257.0,1.7298045E-4],[258.0,3.459609E-4],[259.0,5.189414E-4],[260.0,5.189414E-4],[262.0,1.7298045E-4],[263.0,1.7298045E-4],[265.0,1.7298045E-4],[267.0,3.459609E-4],[268.0,1.7298045E-4],[273.0,1.7298045E-4],[275.0,5.189414E-4],[276.0,5.189414E-4],[277.0,1.7298045E-4],[278.0,1.7298045E-4],[282.0,1.7298045E-4],[283.0,1.7298045E-4],[284.0,1.7298045E-4],[285.0,1.7298045E-4],[286.0,3.459609E-4],[287.0,1.7298045E-4],[289.0,1.7298045E-4],[292.0,1.7298045E-4],[293.0,1.7298045E-4],[294.0,1.7298045E-4],[295.0,1.7298045E-4],[296.0,1.7298045E-4],[298.0,1.7298045E-4],[299.0,3.459609E-4],[301.0,1.7298045E-4],[302.0,1.7298045E-4],[304.0,1.7298045E-4],[306.0,3.459609E-4],[309.0,1.7298045E-4],[310.0,1.7298045E-4],[311.0,1.7298045E-4],[312.0,1.7298045E-4],[315.0,1.7298045E-4],[316.0,1.7298045E-4],[324.0,3.459609E-4],[325.0,1.7298045E-4],[327.0,8.649023E-4],[328.0,1.7298045E-4],[329.0,3.459609E-4],[331.0,1.7298045E-4],[335.0,1.7298045E-4],[337.0,1.7298045E-4],[338.0,1.7298045E-4],[340.0,1.7298045E-4],[344.0,1.7298045E-4],[347.0,1.7298045E-4],[350.0,1.7298045E-4],[352.0,1.7298045E-4],[354.0,1.7298045E-4],[356.0,1.7298045E-4],[358.0,5.189414E-4],[363.0,1.7298045E-4],[365.0,1.7298045E-4],[368.0,1.7298045E-4],[376.0,1.7298045E-4],[377.0,3.459609E-4],[385.0,1.7298045E-4],[390.0,1.7298045E-4],[398.0,1.7298045E-4],[415.0,1.7298045E-4],[417.0,1.7298045E-4],[424.0,1.7298045E-4],[432.0,1.7298045E-4],[456.0,1.7298045E-4],[457.0,1.7298045E-4],[495.0,1.7298045E-4],[555.0,1.7298045E-4],[581.0,1.7298045E-4],[620.0,1.7298045E-4],[645.0,1.7298045E-4],[648.0,1.7298045E-4],[914.0,1.7298045E-4]],"quartiles":"[-42.0, -2.0, 11.0, 73.0, 914.0]"}
