{"Hour":18,"density_function":[[-35.0,3.500665E-5],[-31.0,3.500665E-5],[-27.0,1.0501996E-4],[-26.0,3.500665E-5],[-25.0,1.7503326E-4],[-23.0,2.1003991E-4],[-22.0,1.0501996E-4],[-21.0,5.2509975E-4],[-20.0,3.8507316E-4],[-19.0,5.601064E-4],[-18.0,6.6512637E-4],[-17.0,0.0013652594],[-16.0,0.0015752993],[-15.0,0.0031505986],[-14.0,0.0030455787],[-13.0,0.004690891],[-12.0,0.0070713437],[-11.0,0.008926696],[-10.0,0.01757334],[-9.0,0.017433312],[-8.0,0.025589863],[-7.0,0.032591194],[-6.0,0.043233216],[-5.0,0.057655953],[-4.0,0.058671147],[-3.0,0.05814605],[-2.0,0.058461107],[-1.0,0.051914863],[0.0,0.05089967],[1.0,0.028565427],[2.0,0.021074004],[3.0,0.020478891],[4.0,0.017958412],[5.0,0.017503325],[6.0,0.015017853],[7.0,0.014072673],[8.0,0.011377161],[9.0,0.012217321],[10.0,0.011622208],[11.0,0.010747042],[12.0,0.009521809],[13.0,0.009941889],[14.0,0.009241756],[15.0,0.009171743],[16.0,0.0088216765],[17.0,0.00773647],[18.0,0.007981516],[19.0,0.007701463],[20.0,0.007246377],[21.0,0.007141357],[22.0,0.0063712103],[23.0,0.0067912904],[24.0,0.005881117],[25.0,0.0057760975],[26.0,0.0054610376],[27.0,0.004935938],[28.0,0.0054610376],[29.0,0.0048659244],[30.0,0.0049709445],[31.0,0.004445845],[32.0,0.0040607713],[33.0,0.0037807184],[34.0,0.0047609047],[35.0,0.004130785],[36.0,0.004305818],[37.0,0.003815725],[38.0,0.0029405586],[39.0,0.0036756983],[40.0,0.003605685],[41.0,0.0027305188],[42.0,0.003220612],[43.0,0.0028005322],[44.0,0.0029405586],[45.0,0.0037807184],[46.0,0.0027305188],[47.0,0.002415459],[48.0,0.0025554856],[49.0,0.002625499],[50.0,0.001995379],[51.0,0.0021354058],[52.0,0.002625499],[53.0,0.0023454456],[54.0,0.0022404257],[55.0,0.001995379],[56.0,0.0022754322],[57.0,0.002415459],[58.0,0.002100399],[59.0,0.0024504657],[60.0,0.002100399],[61.0,0.0013652594],[62.0,0.0015402926],[63.0,0.0014702793],[64.0,0.0014702793],[65.0,0.001995379],[66.0,0.0017503325],[67.0,0.0015402926],[68.0,0.0017503325],[69.0,0.0015752993],[70.0,0.0015402926],[71.0,0.0014002661],[72.0,0.0010151928],[73.0,0.0019603726],[74.0,0.0014352727],[75.0,0.0011902262],[76.0,0.0012952461],[77.0,0.0011552195],[78.0,0.0011202128],[79.0,0.0010151928],[80.0,0.0012602394],[81.0,0.0011902262],[82.0,0.0013652594],[83.0,0.0011202128],[84.0,9.1017294E-4],[85.0,9.801863E-4],[86.0,0.0011552195],[87.0,8.7516627E-4],[88.0,0.0010151928],[89.0,9.801863E-4],[90.0,8.7516627E-4],[91.0,8.7516627E-4],[92.0,7.0013304E-4],[93.0,0.0010852062],[94.0,7.701463E-4],[95.0,9.1017294E-4],[96.0,0.0010151928],[97.0,8.7516627E-4],[98.0,8.05153E-4],[99.0,8.4015966E-4],[100.0,7.701463E-4],[101.0,8.05153E-4],[102.0,4.5508647E-4],[103.0,4.2007983E-4],[104.0,4.5508647E-4],[105.0,4.5508647E-4],[106.0,7.701463E-4],[107.0,7.0013304E-4],[108.0,5.951131E-4],[109.0,2.800532E-4],[110.0,4.5508647E-4],[111.0,4.9009314E-4],[112.0,7.0013304E-4],[113.0,5.2509975E-4],[114.0,5.601064E-4],[115.0,5.951131E-4],[116.0,5.601064E-4],[117.0,5.601064E-4],[118.0,3.5006652E-4],[119.0,4.5508647E-4],[120.0,7.701463E-4],[121.0,4.5508647E-4],[122.0,3.8507316E-4],[123.0,3.5006652E-4],[124.0,5.2509975E-4],[125.0,4.9009314E-4],[126.0,6.6512637E-4],[127.0,2.4504657E-4],[128.0,4.5508647E-4],[129.0,3.1505985E-4],[130.0,3.1505985E-4],[131.0,3.1505985E-4],[132.0,5.2509975E-4],[133.0,3.8507316E-4],[134.0,4.5508647E-4],[135.0,2.1003991E-4],[136.0,5.2509975E-4],[137.0,3.5006652E-4],[138.0,3.8507316E-4],[139.0,1.7503326E-4],[140.0,2.4504657E-4],[141.0,4.5508647E-4],[142.0,3.1505985E-4],[143.0,3.5006652E-4],[144.0,2.4504657E-4],[145.0,4.2007983E-4],[146.0,2.1003991E-4],[147.0,2.1003991E-4],[148.0,3.1505985E-4],[149.0,1.7503326E-4],[150.0,2.4504657E-4],[151.0,2.4504657E-4],[152.0,2.800532E-4],[153.0,2.1003991E-4],[154.0,7.00133E-5],[155.0,3.8507316E-4],[156.0,2.800532E-4],[157.0,2.1003991E-4],[158.0,2.1003991E-4],[159.0,2.1003991E-4],[160.0,7.00133E-5],[161.0,2.4504657E-4],[162.0,2.800532E-4],[163.0,4.9009314E-4],[164.0,4.9009314E-4],[165.0,2.4504657E-4],[166.0,3.5006652E-4],[167.0,7.00133E-5],[168.0,2.4504657E-4],[169.0,3.1505985E-4],[170.0,1.400266E-4],[171.0,1.7503326E-4],[172.0,2.1003991E-4],[173.0,2.1003991E-4],[174.0,1.400266E-4],[175.0,2.1003991E-4],[176.0,2.4504657E-4],[177.0,1.0501996E-4],[178.0,2.800532E-4],[179.0,2.4504657E-4],[180.0,2.1003991E-4],[181.0,2.1003991E-4],[182.0,1.400266E-4],[183.0,2.1003991E-4],[184.0,2.1003991E-4],[185.0,1.7503326E-4],[186.0,2.1003991E-4],[187.0,1.400266E-4],[188.0,2.4504657E-4],[189.0,2.1003991E-4],[190.0,3.500665E-5],[191.0,2.1003991E-4],[192.0,2.800532E-4],[193.0,7.00133E-5],[194.0,2.1003991E-4],[195.0,1.400266E-4],[196.0,1.400266E-4],[197.0,7.00133E-5],[198.0,1.400266E-4],[200.0,2.1003991E-4],[201.0,1.400266E-4],[202.0,1.400266E-4],[203.0,1.400266E-4],[204.0,3.500665E-5],[205.0,1.400266E-4],[206.0,3.500665E-5],[207.0,7.00133E-5],[208.0,1.400266E-4],[209.0,1.7503326E-4],[210.0,1.7503326E-4],[211.0,7.00133E-5],[212.0,1.0501996E-4],[214.0,3.500665E-5],[215.0,1.7503326E-4],[216.0,1.400266E-4],[217.0,1.0501996E-4],[218.0,1.0501996E-4],[219.0,1.7503326E-4],[220.0,3.500665E-5],[221.0,1.400266E-4],[222.0,2.1003991E-4],[223.0,2.1003991E-4],[224.0,3.500665E-5],[225.0,7.00133E-5],[226.0,1.7503326E-4],[227.0,1.0501996E-4],[228.0,7.00133E-5],[229.0,1.400266E-4],[230.0,1.0501996E-4],[231.0,1.400266E-4],[232.0,1.0501996E-4],[233.0,7.00133E-5],[234.0,7.00133E-5],[235.0,7.00133E-5],[236.0,3.500665E-5],[237.0,3.500665E-5],[238.0,1.400266E-4],[239.0,7.00133E-5],[240.0,1.400266E-4],[241.0,3.500665E-5],[242.0,2.1003991E-4],[244.0,1.0501996E-4],[245.0,1.0501996E-4],[246.0,3.500665E-5],[247.0,3.500665E-5],[248.0,1.0501996E-4],[250.0,3.500665E-5],[252.0,7.00133E-5],[253.0,7.00133E-5],[254.0,3.500665E-5],[256.0,3.500665E-5],[257.0,1.7503326E-4],[258.0,3.500665E-5],[260.0,1.0501996E-4],[261.0,7.00133E-5],[262.0,7.00133E-5],[263.0,3.500665E-5],[264.0,7.00133E-5],[266.0,1.400266E-4],[267.0,7.00133E-5],[269.0,3.500665E-5],[270.0,7.00133E-5],[271.0,3.500665E-5],[273.0,3.500665E-5],[277.0,3.500665E-5],[278.0,1.0501996E-4],[279.0,3.500665E-5],[281.0,3.500665E-5],[282.0,3.500665E-5],[283.0,3.500665E-5],[285.0,7.00133E-5],[286.0,3.500665E-5],[288.0,7.00133E-5],[289.0,3.500665E-5],[290.0,1.0501996E-4],[291.0,3.500665E-5],[292.0,3.500665E-5],[296.0,3.500665E-5],[297.0,7.00133E-5],[298.0,1.0501996E-4],[300.0,7.00133E-5],[301.0,3.500665E-5],[302.0,3.500665E-5],[305.0,7.00133E-5],[309.0,3.500665E-5],[313.0,3.500665E-5],[314.0,3.500665E-5],[315.0,3.500665E-5],[318.0,3.500665E-5],[319.0,3.500665E-5],[321.0,7.00133E-5],[326.0,7.00133E-5],[327.0,1.0501996E-4],[330.0,3.500665E-5],[332.0,7.00133E-5],[333.0,1.0501996E-4],[335.0,7.00133E-5],[339.0,7.00133E-5],[342.0,7.00133E-5],[344.0,3.500665E-5],[346.0,3.500665E-5],[354.0,7.00133E-5],[355.0,3.500665E-5],[357.0,3.500665E-5],[359.0,7.00133E-5],[364.0,3.500665E-5],[367.0,3.500665E-5],[369.0,3.500665E-5],[371.0,3.500665E-5],[374.0,3.500665E-5],[380.0,3.500665E-5],[382.0,7.00133E-5],[404.0,3.500665E-5],[417.0,3.500665E-5],[424.0,3.500665E-5],[426.0,3.500665E-5],[452.0,3.500665E-5],[475.0,3.500665E-5],[477.0,3.500665E-5],[488.0,3.500665E-5],[502.0,3.500665E-5],[568.0,3.500665E-5],[592.0,3.500665E-5],[598.0,3.500665E-5],[622.0,3.500665E-5],[626.0,3.500665E-5],[652.0,3.500665E-5],[659.0,3.500665E-5],[679.0,7.00133E-5],[693.0,3.500665E-5],[696.0,3.500665E-5],[717.0,3.500665E-5],[733.0,1.0501996E-4],[735.0,3.500665E-5],[739.0,3.500665E-5],[749.0,3.500665E-5]],"quartiles":"[-35.0, -4.0, 0.0, 19.0, 749.0]"}
