{"Hour":13,"density_function":[[-36.0,3.363945E-5],[-22.0,6.72789E-5],[-21.0,1.345578E-4],[-20.0,1.6819726E-4],[-19.0,2.691156E-4],[-18.0,3.70034E-4],[-17.0,4.3731288E-4],[-16.0,0.0011437414],[-15.0,0.001480136],[-14.0,0.0018838093],[-13.0,0.0028593536],[-12.0,0.004541326],[-11.0,0.007131564],[-10.0,0.014027651],[-9.0,0.016617889],[-8.0,0.024893194],[-7.0,0.034682274],[-6.0,0.05025734],[-5.0,0.07195479],[-4.0,0.07420863],[-3.0,0.08107108],[-2.0,0.07898544],[-1.0,0.07316581],[0.0,0.06717799],[1.0,0.033504896],[2.0,0.02519595],[3.0,0.022908468],[4.0,0.020822821],[5.0,0.017862549],[6.0,0.016146937],[7.0,0.014027651],[8.0,0.012581156],[9.0,0.011403774],[10.0,0.010966461],[11.0,0.010058196],[12.0,0.008443503],[13.0,0.008376224],[14.0,0.008510781],[15.0,0.0067951693],[16.0,0.0061896592],[17.0,0.0062232986],[18.0,0.005651428],[19.0,0.005718707],[20.0,0.00555051],[21.0,0.0051131966],[22.0,0.0041376525],[23.0,0.004104013],[24.0,0.0039358158],[25.0,0.0033975847],[26.0,0.003195748],[27.0,0.0024220406],[28.0,0.0033303057],[29.0,0.003128469],[30.0,0.0034648636],[31.0,0.0025565983],[32.0,0.0026238773],[33.0,0.002892993],[34.0,0.0022538432],[35.0,0.0020856461],[36.0,0.00245568],[37.0,0.0019174488],[38.0,0.001480136],[39.0,0.0021865645],[40.0,0.001715612],[41.0,0.0023884012],[42.0,0.0019847278],[43.0,0.0018165305],[44.0,0.0020520065],[45.0,0.0021192855],[46.0,0.0016819726],[47.0,0.0016483332],[48.0,0.0013455781],[49.0,0.001412857],[50.0,0.0013792176],[51.0,0.0010091836],[52.0,0.0012446598],[53.0,0.0018838093],[54.0,0.0015137753],[55.0,0.0014464965],[56.0,0.001480136],[57.0,0.0013792176],[58.0,0.0014464965],[59.0,0.0013455781],[60.0,0.0011773808],[61.0,0.0012782991],[62.0,0.0010091836],[63.0,0.0010091836],[64.0,9.755441E-4],[65.0,9.755441E-4],[66.0,9.0826524E-4],[67.0,9.0826524E-4],[68.0,8.7462575E-4],[69.0,7.737074E-4],[70.0,6.7278906E-4],[71.0,7.40068E-4],[72.0,4.7095233E-4],[73.0,8.7462575E-4],[74.0,8.7462575E-4],[75.0,8.409863E-4],[76.0,8.409863E-4],[77.0,6.3914957E-4],[78.0,6.7278906E-4],[79.0,5.382312E-4],[80.0,5.718707E-4],[81.0,5.045918E-4],[82.0,5.718707E-4],[83.0,5.718707E-4],[84.0,4.3731288E-4],[85.0,4.7095233E-4],[86.0,6.3914957E-4],[87.0,4.3731288E-4],[88.0,5.382312E-4],[89.0,2.691156E-4],[90.0,6.3914957E-4],[91.0,2.3547617E-4],[92.0,3.70034E-4],[93.0,2.0183671E-4],[94.0,4.7095233E-4],[95.0,3.70034E-4],[96.0,3.70034E-4],[97.0,4.3731288E-4],[98.0,3.70034E-4],[99.0,2.691156E-4],[100.0,3.3639453E-4],[101.0,3.70034E-4],[102.0,3.3639453E-4],[103.0,1.6819726E-4],[104.0,6.0551014E-4],[105.0,4.3731288E-4],[106.0,4.0367342E-4],[107.0,1.00918354E-4],[108.0,1.345578E-4],[109.0,3.0275507E-4],[110.0,2.691156E-4],[111.0,3.70034E-4],[112.0,3.3639453E-4],[113.0,2.691156E-4],[114.0,4.7095233E-4],[115.0,1.6819726E-4],[116.0,3.3639453E-4],[117.0,2.0183671E-4],[118.0,2.0183671E-4],[119.0,2.0183671E-4],[120.0,2.0183671E-4],[121.0,6.72789E-5],[122.0,2.0183671E-4],[123.0,2.691156E-4],[124.0,3.363945E-5],[125.0,1.345578E-4],[126.0,2.691156E-4],[127.0,3.3639453E-4],[128.0,1.00918354E-4],[129.0,3.0275507E-4],[130.0,2.0183671E-4],[131.0,1.345578E-4],[132.0,1.6819726E-4],[133.0,2.3547617E-4],[134.0,1.345578E-4],[135.0,2.691156E-4],[136.0,2.3547617E-4],[137.0,2.3547617E-4],[138.0,2.0183671E-4],[139.0,2.0183671E-4],[140.0,1.6819726E-4],[141.0,3.0275507E-4],[142.0,2.0183671E-4],[143.0,6.72789E-5],[144.0,2.0183671E-4],[145.0,1.6819726E-4],[146.0,2.691156E-4],[147.0,2.691156E-4],[148.0,6.72789E-5],[149.0,1.6819726E-4],[150.0,2.3547617E-4],[151.0,1.00918354E-4],[153.0,1.345578E-4],[154.0,2.3547617E-4],[155.0,1.00918354E-4],[156.0,1.345578E-4],[157.0,6.72789E-5],[158.0,6.72789E-5],[159.0,2.691156E-4],[160.0,2.0183671E-4],[161.0,3.363945E-5],[162.0,1.6819726E-4],[163.0,1.00918354E-4],[165.0,1.345578E-4],[166.0,1.00918354E-4],[167.0,1.00918354E-4],[168.0,1.00918354E-4],[169.0,6.72789E-5],[170.0,2.0183671E-4],[171.0,6.72789E-5],[172.0,1.345578E-4],[173.0,3.363945E-5],[174.0,6.72789E-5],[175.0,3.363945E-5],[176.0,6.72789E-5],[177.0,3.363945E-5],[178.0,1.345578E-4],[179.0,1.00918354E-4],[180.0,1.345578E-4],[181.0,3.363945E-5],[182.0,6.72789E-5],[183.0,1.00918354E-4],[184.0,6.72789E-5],[185.0,3.363945E-5],[186.0,1.00918354E-4],[187.0,3.363945E-5],[188.0,6.72789E-5],[189.0,3.363945E-5],[190.0,1.00918354E-4],[191.0,6.72789E-5],[193.0,1.345578E-4],[195.0,6.72789E-5],[196.0,3.363945E-5],[197.0,6.72789E-5],[198.0,3.363945E-5],[199.0,3.363945E-5],[201.0,3.363945E-5],[202.0,1.00918354E-4],[203.0,6.72789E-5],[204.0,6.72789E-5],[208.0,6.72789E-5],[209.0,6.72789E-5],[210.0,6.72789E-5],[211.0,6.72789E-5],[212.0,6.72789E-5],[215.0,6.72789E-5],[217.0,3.363945E-5],[218.0,3.363945E-5],[219.0,3.363945E-5],[220.0,3.363945E-5],[221.0,1.00918354E-4],[222.0,3.363945E-5],[223.0,1.00918354E-4],[225.0,6.72789E-5],[227.0,3.363945E-5],[228.0,3.363945E-5],[230.0,3.363945E-5],[231.0,3.363945E-5],[232.0,6.72789E-5],[234.0,3.363945E-5],[235.0,6.72789E-5],[236.0,3.363945E-5],[238.0,3.363945E-5],[239.0,1.00918354E-4],[240.0,3.363945E-5],[241.0,6.72789E-5],[242.0,6.72789E-5],[243.0,3.363945E-5],[244.0,3.363945E-5],[246.0,3.363945E-5],[247.0,3.363945E-5],[251.0,3.363945E-5],[253.0,3.363945E-5],[254.0,3.363945E-5],[255.0,6.72789E-5],[257.0,3.363945E-5],[259.0,3.363945E-5],[260.0,3.363945E-5],[261.0,6.72789E-5],[263.0,3.363945E-5],[269.0,3.363945E-5],[272.0,3.363945E-5],[273.0,3.363945E-5],[275.0,3.363945E-5],[277.0,3.363945E-5],[278.0,3.363945E-5],[279.0,3.363945E-5],[281.0,3.363945E-5],[282.0,3.363945E-5],[285.0,3.363945E-5],[289.0,6.72789E-5],[297.0,3.363945E-5],[305.0,3.363945E-5],[307.0,6.72789E-5],[308.0,3.363945E-5],[311.0,3.363945E-5],[316.0,3.363945E-5],[319.0,3.363945E-5],[320.0,3.363945E-5],[322.0,6.72789E-5],[324.0,3.363945E-5],[325.0,3.363945E-5],[329.0,3.363945E-5],[330.0,3.363945E-5],[331.0,3.363945E-5],[332.0,3.363945E-5],[334.0,3.363945E-5],[337.0,3.363945E-5],[344.0,3.363945E-5],[353.0,3.363945E-5],[356.0,3.363945E-5],[357.0,6.72789E-5],[363.0,3.363945E-5],[368.0,3.363945E-5],[369.0,3.363945E-5],[370.0,3.363945E-5],[376.0,3.363945E-5],[378.0,3.363945E-5],[381.0,3.363945E-5],[387.0,3.363945E-5],[393.0,1.00918354E-4],[395.0,3.363945E-5],[397.0,3.363945E-5],[416.0,3.363945E-5],[441.0,3.363945E-5],[444.0,3.363945E-5],[445.0,3.363945E-5],[449.0,6.72789E-5],[451.0,3.363945E-5],[452.0,3.363945E-5],[458.0,6.72789E-5],[459.0,3.363945E-5],[482.0,3.363945E-5],[486.0,3.363945E-5],[503.0,3.363945E-5],[1110.0,3.363945E-5],[1171.0,3.363945E-5]],"quartiles":"[-36.0, -4.0, -1.0, 7.0, 1171.0]"}
