{"Hour":12,"density_function":[[-30.0,3.270218E-5],[-24.0,9.8106546E-5],[-23.0,9.8106546E-5],[-22.0,6.540436E-5],[-21.0,1.3080872E-4],[-20.0,2.2891526E-4],[-19.0,1.6351091E-4],[-18.0,2.9431965E-4],[-17.0,6.5404363E-4],[-16.0,8.502567E-4],[-15.0,0.0015370025],[-14.0,0.0024526636],[-13.0,0.0038588573],[-12.0,0.0056247753],[-11.0,0.007619608],[-10.0,0.015010301],[-9.0,0.019425096],[-8.0,0.026488766],[-7.0,0.039504234],[-6.0,0.056869093],[-5.0,0.0749861],[-4.0,0.07688283],[-3.0,0.084894866],[-2.0,0.08133032],[-1.0,0.07060401],[0.0,0.06311521],[1.0,0.03132869],[2.0,0.023610976],[3.0,0.020013735],[4.0,0.017005134],[5.0,0.016907027],[6.0,0.015533536],[7.0,0.0133424895],[8.0,0.012950064],[9.0,0.011086039],[10.0,0.010006867],[11.0,0.009123908],[12.0,0.009581739],[13.0,0.007815821],[14.0,0.0071617775],[15.0,0.0071290755],[16.0,0.0064096274],[17.0,0.0069655646],[18.0,0.006507734],[19.0,0.0057228818],[20.0,0.004905327],[21.0,0.0039896662],[22.0,0.00434939],[23.0,0.003924262],[24.0,0.003924262],[25.0,0.0037607509],[26.0,0.0031394095],[27.0,0.0035318355],[28.0,0.0040550707],[29.0,0.002910494],[30.0,0.00255077],[31.0,0.0026488767],[32.0,0.0024853658],[33.0,0.0026161745],[34.0,0.0023872592],[35.0,0.002518068],[36.0,0.0016678112],[37.0,0.0022237482],[38.0,0.0020275353],[39.0,0.0018640243],[40.0,0.0021910463],[41.0,0.0014388959],[42.0,0.0020929396],[43.0,0.0015697047],[44.0,0.0019294287],[45.0,0.0016351091],[46.0,0.0011772786],[47.0,0.0011445764],[48.0,0.0013080873],[49.0,0.0015043004],[50.0,0.0011772786],[51.0,0.001079172],[52.0,0.0012099807],[53.0,9.810654E-4],[54.0,0.0010137677],[55.0,0.0010137677],[56.0,9.483633E-4],[57.0,8.829589E-4],[58.0,0.001079172],[59.0,7.1944797E-4],[60.0,8.502567E-4],[61.0,8.1755454E-4],[62.0,8.1755454E-4],[63.0,6.5404363E-4],[64.0,9.483633E-4],[65.0,8.502567E-4],[66.0,9.810654E-4],[67.0,6.867458E-4],[68.0,5.5593706E-4],[69.0,8.1755454E-4],[70.0,8.502567E-4],[71.0,5.886393E-4],[72.0,6.2134146E-4],[73.0,8.1755454E-4],[74.0,5.232349E-4],[75.0,6.867458E-4],[76.0,5.886393E-4],[77.0,4.5783052E-4],[78.0,5.232349E-4],[79.0,7.1944797E-4],[80.0,4.5783052E-4],[81.0,3.5972398E-4],[82.0,4.5783052E-4],[83.0,3.9242618E-4],[84.0,5.232349E-4],[85.0,5.232349E-4],[86.0,4.5783052E-4],[87.0,4.2512835E-4],[88.0,3.5972398E-4],[89.0,4.905327E-4],[90.0,3.5972398E-4],[91.0,4.2512835E-4],[92.0,4.2512835E-4],[93.0,4.5783052E-4],[94.0,3.2702181E-4],[95.0,4.905327E-4],[96.0,2.6161745E-4],[97.0,4.2512835E-4],[98.0,2.2891526E-4],[99.0,4.5783052E-4],[100.0,1.6351091E-4],[101.0,2.6161745E-4],[102.0,1.6351091E-4],[103.0,3.2702181E-4],[104.0,1.3080872E-4],[105.0,4.2512835E-4],[106.0,3.9242618E-4],[107.0,3.9242618E-4],[108.0,4.905327E-4],[109.0,1.6351091E-4],[110.0,2.9431965E-4],[111.0,2.6161745E-4],[112.0,3.5972398E-4],[113.0,4.905327E-4],[114.0,3.2702181E-4],[115.0,2.2891526E-4],[116.0,3.2702181E-4],[117.0,3.2702181E-4],[118.0,2.2891526E-4],[119.0,2.6161745E-4],[120.0,1.3080872E-4],[121.0,2.6161745E-4],[122.0,1.9621309E-4],[123.0,9.8106546E-5],[124.0,2.9431965E-4],[125.0,9.8106546E-5],[126.0,2.6161745E-4],[127.0,2.9431965E-4],[128.0,2.6161745E-4],[129.0,1.6351091E-4],[130.0,6.540436E-5],[131.0,1.6351091E-4],[132.0,2.9431965E-4],[133.0,2.6161745E-4],[134.0,1.3080872E-4],[135.0,1.9621309E-4],[136.0,1.3080872E-4],[137.0,2.9431965E-4],[138.0,1.6351091E-4],[139.0,1.3080872E-4],[140.0,3.270218E-5],[141.0,1.6351091E-4],[142.0,1.6351091E-4],[143.0,3.270218E-5],[144.0,6.540436E-5],[145.0,6.540436E-5],[146.0,6.540436E-5],[147.0,1.6351091E-4],[148.0,2.2891526E-4],[149.0,3.270218E-5],[150.0,9.8106546E-5],[151.0,1.3080872E-4],[152.0,3.270218E-5],[153.0,6.540436E-5],[154.0,1.3080872E-4],[155.0,1.6351091E-4],[156.0,1.3080872E-4],[157.0,1.3080872E-4],[158.0,9.8106546E-5],[159.0,1.3080872E-4],[160.0,9.8106546E-5],[161.0,6.540436E-5],[162.0,9.8106546E-5],[163.0,9.8106546E-5],[164.0,1.6351091E-4],[165.0,9.8106546E-5],[166.0,3.270218E-5],[167.0,1.6351091E-4],[169.0,3.270218E-5],[170.0,1.3080872E-4],[171.0,1.3080872E-4],[172.0,9.8106546E-5],[173.0,3.270218E-5],[174.0,9.8106546E-5],[175.0,6.540436E-5],[176.0,9.8106546E-5],[177.0,9.8106546E-5],[178.0,3.270218E-5],[179.0,3.270218E-5],[180.0,3.270218E-5],[181.0,3.270218E-5],[182.0,6.540436E-5],[183.0,3.270218E-5],[184.0,9.8106546E-5],[185.0,3.270218E-5],[186.0,9.8106546E-5],[187.0,6.540436E-5],[188.0,6.540436E-5],[189.0,9.8106546E-5],[191.0,3.270218E-5],[192.0,6.540436E-5],[193.0,3.270218E-5],[196.0,6.540436E-5],[198.0,6.540436E-5],[199.0,3.270218E-5],[200.0,3.270218E-5],[205.0,3.270218E-5],[206.0,6.540436E-5],[207.0,3.270218E-5],[208.0,3.270218E-5],[209.0,6.540436E-5],[210.0,6.540436E-5],[213.0,9.8106546E-5],[214.0,9.8106546E-5],[215.0,9.8106546E-5],[216.0,3.270218E-5],[217.0,3.270218E-5],[218.0,3.270218E-5],[219.0,6.540436E-5],[220.0,3.270218E-5],[221.0,6.540436E-5],[223.0,6.540436E-5],[225.0,6.540436E-5],[226.0,6.540436E-5],[227.0,3.270218E-5],[228.0,1.3080872E-4],[229.0,3.270218E-5],[230.0,3.270218E-5],[231.0,3.270218E-5],[232.0,3.270218E-5],[233.0,3.270218E-5],[235.0,3.270218E-5],[236.0,3.270218E-5],[237.0,3.270218E-5],[239.0,3.270218E-5],[240.0,3.270218E-5],[245.0,6.540436E-5],[249.0,6.540436E-5],[251.0,3.270218E-5],[254.0,6.540436E-5],[262.0,6.540436E-5],[265.0,3.270218E-5],[266.0,3.270218E-5],[269.0,3.270218E-5],[270.0,6.540436E-5],[272.0,3.270218E-5],[273.0,6.540436E-5],[275.0,3.270218E-5],[276.0,3.270218E-5],[277.0,6.540436E-5],[279.0,6.540436E-5],[280.0,3.270218E-5],[286.0,9.8106546E-5],[288.0,3.270218E-5],[289.0,3.270218E-5],[291.0,3.270218E-5],[292.0,6.540436E-5],[295.0,3.270218E-5],[303.0,6.540436E-5],[304.0,9.8106546E-5],[309.0,3.270218E-5],[313.0,3.270218E-5],[322.0,3.270218E-5],[327.0,3.270218E-5],[331.0,6.540436E-5],[332.0,3.270218E-5],[333.0,3.270218E-5],[339.0,3.270218E-5],[341.0,3.270218E-5],[343.0,3.270218E-5],[345.0,3.270218E-5],[346.0,3.270218E-5],[347.0,3.270218E-5],[349.0,3.270218E-5],[353.0,3.270218E-5],[356.0,6.540436E-5],[358.0,3.270218E-5],[361.0,3.270218E-5],[362.0,6.540436E-5],[364.0,3.270218E-5],[365.0,3.270218E-5],[371.0,3.270218E-5],[373.0,3.270218E-5],[385.0,3.270218E-5],[388.0,3.270218E-5],[389.0,3.270218E-5],[392.0,3.270218E-5],[399.0,3.270218E-5],[401.0,3.270218E-5],[405.0,3.270218E-5],[410.0,3.270218E-5],[413.0,3.270218E-5],[415.0,3.270218E-5],[430.0,3.270218E-5],[436.0,3.270218E-5],[438.0,3.270218E-5],[446.0,3.270218E-5]],"quartiles":"[-30.0, -5.0, -1.0, 6.0, 446.0]"}
