{"Hour":19,"density_function":[[-27.0,3.433005E-5],[-26.0,3.433005E-5],[-25.0,6.86601E-5],[-24.0,6.86601E-5],[-23.0,1.373202E-4],[-22.0,1.373202E-4],[-21.0,3.0897046E-4],[-20.0,3.433005E-4],[-19.0,2.059803E-4],[-18.0,7.552611E-4],[-17.0,9.955714E-4],[-16.0,0.0013045418],[-15.0,0.002128463],[-14.0,0.0029867142],[-13.0,0.0043942463],[-12.0,0.0052181673],[-11.0,0.0067286897],[-10.0,0.016409764],[-9.0,0.018229255],[-8.0,0.022005562],[-7.0,0.031961277],[-6.0,0.040475126],[-5.0,0.058326755],[-4.0,0.057743143],[-3.0,0.0654674],[-2.0,0.06388822],[-1.0,0.05743417],[0.0,0.049709912],[1.0,0.026022177],[2.0,0.019533798],[3.0,0.018091936],[4.0,0.016959045],[5.0,0.016169453],[6.0,0.013045419],[7.0,0.01373202],[8.0,0.0125304675],[9.0,0.011328916],[10.0,0.011466237],[11.0,0.010710975],[12.0,0.009921384],[13.0,0.009990044],[14.0,0.008925812],[15.0,0.009612414],[16.0,0.009063133],[17.0,0.008342202],[18.0,0.0073809605],[19.0,0.0067973495],[20.0,0.0077585913],[21.0,0.0066943597],[22.0,0.006488379],[23.0,0.006316729],[24.0,0.0052524977],[25.0,0.006213739],[26.0,0.0052524977],[27.0,0.0059390985],[28.0,0.0051495074],[29.0,0.0041196058],[30.0,0.004806207],[31.0,0.004085276],[32.0,0.004188266],[33.0,0.0037076452],[34.0,0.004256926],[35.0,0.0039479556],[36.0,0.0038792957],[37.0,0.004222596],[38.0,0.0036733153],[39.0,0.0037763054],[40.0,0.0033300146],[41.0,0.003433005],[42.0,0.0031583644],[43.0,0.0032956847],[44.0,0.002849394],[45.0,0.0030210444],[46.0,0.0029523843],[47.0,0.0025747537],[48.0,0.0032956847],[49.0,0.002128463],[50.0,0.0024374335],[51.0,0.002128463],[52.0,0.002231453],[53.0,0.0025747537],[54.0,0.002128463],[55.0,0.002231453],[56.0,0.0018881527],[57.0,0.0020598029],[58.0,0.0023001132],[59.0,0.0018881527],[60.0,0.0016478423],[61.0,0.0017508325],[62.0,0.0021971231],[63.0,0.0017165025],[64.0,0.0018194926],[65.0,0.0017508325],[66.0,0.0015105222],[67.0,0.0016478423],[68.0,0.001373202],[69.0,0.0013388719],[70.0,0.0017851626],[71.0,0.0013045418],[72.0,0.0012358818],[73.0,0.0016821724],[74.0,0.0014418621],[75.0,0.0017165025],[76.0,0.0015105222],[77.0,0.0013045418],[78.0,0.0010299014],[79.0,0.0013045418],[80.0,0.0013045418],[81.0,0.0015105222],[82.0,0.0010642315],[83.0,0.0011328916],[84.0,0.001373202],[85.0,8.5825124E-4],[86.0,0.0010642315],[87.0,0.0010299014],[88.0,0.001373202],[89.0,0.0010985616],[90.0,0.0010299014],[91.0,9.6124137E-4],[92.0,0.0013388719],[93.0,7.895911E-4],[94.0,6.86601E-4],[95.0,0.0011328916],[96.0,6.522709E-4],[97.0,7.552611E-4],[98.0,0.0010299014],[99.0,8.925813E-4],[100.0,9.269113E-4],[101.0,8.925813E-4],[102.0,8.5825124E-4],[103.0,6.86601E-4],[104.0,7.552611E-4],[105.0,8.5825124E-4],[106.0,9.269113E-4],[107.0,9.269113E-4],[108.0,6.522709E-4],[109.0,8.5825124E-4],[110.0,4.8062069E-4],[111.0,9.6124137E-4],[112.0,3.7763055E-4],[113.0,6.522709E-4],[114.0,7.552611E-4],[115.0,0.0010299014],[116.0,7.895911E-4],[117.0,4.8062069E-4],[118.0,5.8361085E-4],[119.0,7.552611E-4],[120.0,5.492808E-4],[121.0,4.8062069E-4],[122.0,4.8062069E-4],[123.0,5.492808E-4],[124.0,5.149507E-4],[125.0,5.492808E-4],[126.0,4.119606E-4],[127.0,5.149507E-4],[128.0,4.8062069E-4],[129.0,7.895911E-4],[130.0,6.179409E-4],[131.0,6.86601E-4],[132.0,4.8062069E-4],[133.0,4.8062069E-4],[134.0,5.149507E-4],[135.0,4.119606E-4],[136.0,5.149507E-4],[137.0,3.0897046E-4],[138.0,4.119606E-4],[139.0,5.149507E-4],[140.0,4.119606E-4],[141.0,3.433005E-4],[142.0,4.4629065E-4],[143.0,3.7763055E-4],[144.0,3.0897046E-4],[145.0,4.119606E-4],[146.0,3.433005E-4],[147.0,3.7763055E-4],[148.0,5.149507E-4],[149.0,2.059803E-4],[150.0,3.7763055E-4],[151.0,2.746404E-4],[152.0,2.746404E-4],[153.0,3.433005E-4],[154.0,4.119606E-4],[155.0,2.746404E-4],[156.0,2.059803E-4],[157.0,2.4031034E-4],[158.0,1.373202E-4],[159.0,3.7763055E-4],[160.0,4.4629065E-4],[161.0,2.059803E-4],[162.0,2.059803E-4],[163.0,1.373202E-4],[164.0,2.746404E-4],[165.0,3.0897046E-4],[166.0,1.7165024E-4],[167.0,3.433005E-4],[168.0,3.7763055E-4],[169.0,1.373202E-4],[170.0,1.7165024E-4],[171.0,2.059803E-4],[172.0,1.7165024E-4],[173.0,2.746404E-4],[174.0,3.0897046E-4],[175.0,1.373202E-4],[176.0,2.059803E-4],[177.0,1.373202E-4],[178.0,3.0897046E-4],[179.0,2.4031034E-4],[180.0,1.0299015E-4],[181.0,6.86601E-5],[182.0,1.0299015E-4],[183.0,2.059803E-4],[184.0,1.0299015E-4],[185.0,3.433005E-5],[186.0,2.4031034E-4],[187.0,2.059803E-4],[188.0,1.0299015E-4],[189.0,1.373202E-4],[190.0,2.059803E-4],[191.0,1.7165024E-4],[192.0,1.0299015E-4],[193.0,1.373202E-4],[194.0,2.4031034E-4],[195.0,3.433005E-5],[196.0,1.0299015E-4],[197.0,3.433005E-5],[199.0,3.0897046E-4],[200.0,2.059803E-4],[201.0,1.0299015E-4],[202.0,6.86601E-5],[203.0,2.746404E-4],[204.0,1.0299015E-4],[205.0,2.746404E-4],[206.0,6.86601E-5],[207.0,1.7165024E-4],[208.0,2.059803E-4],[209.0,1.373202E-4],[210.0,3.433005E-5],[211.0,6.86601E-5],[212.0,3.433005E-5],[213.0,1.0299015E-4],[214.0,6.86601E-5],[215.0,1.0299015E-4],[217.0,3.7763055E-4],[218.0,6.86601E-5],[219.0,3.433005E-5],[220.0,3.433005E-5],[221.0,6.86601E-5],[222.0,1.373202E-4],[223.0,6.86601E-5],[224.0,6.86601E-5],[225.0,1.373202E-4],[226.0,1.373202E-4],[227.0,1.0299015E-4],[228.0,1.0299015E-4],[230.0,6.86601E-5],[231.0,3.433005E-5],[232.0,1.373202E-4],[233.0,1.0299015E-4],[234.0,1.0299015E-4],[235.0,1.373202E-4],[236.0,1.0299015E-4],[237.0,3.433005E-5],[238.0,1.0299015E-4],[241.0,3.433005E-5],[242.0,1.373202E-4],[243.0,3.433005E-5],[244.0,3.433005E-5],[245.0,3.433005E-5],[246.0,6.86601E-5],[247.0,6.86601E-5],[249.0,1.7165024E-4],[250.0,1.373202E-4],[251.0,3.433005E-5],[252.0,1.373202E-4],[253.0,1.0299015E-4],[254.0,1.373202E-4],[255.0,1.373202E-4],[256.0,6.86601E-5],[257.0,3.433005E-5],[258.0,3.433005E-5],[259.0,6.86601E-5],[260.0,3.433005E-5],[261.0,6.86601E-5],[262.0,6.86601E-5],[263.0,6.86601E-5],[266.0,3.433005E-5],[267.0,6.86601E-5],[268.0,6.86601E-5],[270.0,1.373202E-4],[271.0,3.433005E-5],[273.0,3.433005E-5],[276.0,3.433005E-5],[277.0,3.433005E-5],[279.0,3.433005E-5],[281.0,6.86601E-5],[282.0,6.86601E-5],[283.0,1.373202E-4],[285.0,3.433005E-5],[286.0,1.0299015E-4],[287.0,3.433005E-5],[288.0,3.433005E-5],[290.0,3.433005E-5],[291.0,3.433005E-5],[295.0,3.433005E-5],[296.0,3.433005E-5],[299.0,6.86601E-5],[301.0,3.433005E-5],[302.0,3.433005E-5],[304.0,3.433005E-5],[305.0,3.433005E-5],[307.0,3.433005E-5],[308.0,6.86601E-5],[309.0,3.433005E-5],[310.0,6.86601E-5],[312.0,3.433005E-5],[315.0,3.433005E-5],[317.0,3.433005E-5],[319.0,1.373202E-4],[320.0,3.433005E-5],[321.0,3.433005E-5],[322.0,3.433005E-5],[323.0,1.373202E-4],[327.0,1.0299015E-4],[334.0,3.433005E-5],[335.0,3.433005E-5],[338.0,6.86601E-5],[340.0,3.433005E-5],[343.0,6.86601E-5],[344.0,6.86601E-5],[348.0,6.86601E-5],[362.0,3.433005E-5],[363.0,3.433005E-5],[369.0,3.433005E-5],[372.0,3.433005E-5],[374.0,3.433005E-5],[377.0,6.86601E-5],[381.0,1.0299015E-4],[384.0,3.433005E-5],[390.0,3.433005E-5],[393.0,3.433005E-5],[401.0,3.433005E-5],[403.0,3.433005E-5],[407.0,3.433005E-5],[420.0,3.433005E-5],[428.0,3.433005E-5],[437.0,3.433005E-5],[457.0,6.86601E-5],[461.0,3.433005E-5],[464.0,3.433005E-5],[468.0,3.433005E-5],[469.0,3.433005E-5],[470.0,3.433005E-5],[495.0,3.433005E-5],[522.0,3.433005E-5],[569.0,3.433005E-5],[668.0,3.433005E-5],[672.0,3.433005E-5],[673.0,3.433005E-5],[792.0,3.433005E-5],[798.0,3.433005E-5]],"quartiles":"[-27.0, -4.0, 0.0, 20.0, 798.0]"}
