{"Hour":10,"density_function":[[-25.0,3.1567648E-5],[-22.0,3.1567648E-5],[-20.0,3.4724415E-4],[-19.0,3.4724415E-4],[-18.0,4.4194708E-4],[-17.0,7.576236E-4],[-16.0,0.0010101647],[-15.0,0.0016099501],[-14.0,0.0034408737],[-13.0,0.0039143884],[-12.0,0.0065029357],[-11.0,0.009817539],[-10.0,0.020392701],[-9.0,0.02294968],[-8.0,0.028663427],[-7.0,0.043437086],[-6.0,0.057705663],[-5.0,0.08015026],[-4.0,0.0845066],[-3.0,0.090851694],[-2.0,0.084254056],[-1.0,0.074215546],[0.0,0.06442957],[1.0,0.030715322],[2.0,0.021907948],[3.0,0.01853021],[4.0,0.01799356],[5.0,0.015878528],[6.0,0.013763495],[7.0,0.010953974],[8.0,0.010575162],[9.0,0.008902078],[10.0,0.009375592],[11.0,0.008239157],[12.0,0.007008018],[13.0,0.0077340743],[14.0,0.0065976386],[15.0,0.0052717975],[16.0,0.005334933],[17.0,0.004766715],[18.0,0.0048298505],[19.0,0.0044826064],[20.0,0.0042932006],[21.0,0.0034408737],[22.0,0.0040722266],[23.0,0.0032514678],[24.0,0.0027779532],[25.0,0.0032514678],[26.0,0.0025885473],[27.0,0.0022728709],[28.0,0.0028410885],[29.0,0.0029357914],[30.0,0.002967359],[31.0,0.0022728709],[32.0,0.002178168],[33.0,0.0021466003],[34.0,0.0022728709],[35.0,0.0019887618],[36.0,0.0019256267],[37.0,0.0015783824],[38.0,0.0015468148],[39.0,0.0015152472],[40.0,0.0014205442],[41.0,0.0011995707],[42.0,0.0011680031],[43.0,0.0011995707],[44.0,0.0011048678],[45.0,0.0012942737],[46.0,0.0012942737],[47.0,0.0011995707],[48.0,0.0013889766],[49.0,8.2075887E-4],[50.0,0.001262706],[51.0,0.0011048678],[52.0,8.8389416E-4],[53.0,8.2075887E-4],[54.0,0.0010417324],[55.0,9.785971E-4],[56.0,5.682177E-4],[57.0,8.2075887E-4],[58.0,7.891912E-4],[59.0,0.0010101647],[60.0,0.0010417324],[61.0,5.682177E-4],[62.0,5.9978536E-4],[63.0,0.0011048678],[64.0,5.0508237E-4],[65.0,4.1037943E-4],[66.0,6.31353E-4],[67.0,6.944883E-4],[68.0,7.576236E-4],[69.0,6.31353E-4],[70.0,5.0508237E-4],[71.0,8.523265E-4],[72.0,3.788118E-4],[73.0,5.0508237E-4],[74.0,4.1037943E-4],[75.0,3.788118E-4],[76.0,5.0508237E-4],[77.0,3.156765E-4],[78.0,4.7351475E-4],[79.0,4.1037943E-4],[80.0,8.2075887E-4],[81.0,6.6292065E-4],[82.0,6.31353E-4],[83.0,3.4724415E-4],[84.0,4.4194708E-4],[85.0,2.8410886E-4],[86.0,4.4194708E-4],[87.0,5.0508237E-4],[88.0,1.2627059E-4],[89.0,4.1037943E-4],[90.0,5.0508237E-4],[91.0,3.4724415E-4],[92.0,3.156765E-4],[93.0,3.4724415E-4],[94.0,1.5783825E-4],[95.0,2.8410886E-4],[96.0,5.682177E-4],[97.0,3.156765E-4],[98.0,2.5254118E-4],[99.0,3.4724415E-4],[100.0,1.894059E-4],[101.0,4.7351475E-4],[102.0,6.3135296E-5],[103.0,2.8410886E-4],[104.0,1.894059E-4],[105.0,1.894059E-4],[106.0,3.788118E-4],[107.0,2.5254118E-4],[108.0,2.8410886E-4],[109.0,2.5254118E-4],[110.0,2.2097354E-4],[111.0,2.2097354E-4],[112.0,2.2097354E-4],[113.0,9.470295E-5],[114.0,2.5254118E-4],[115.0,2.2097354E-4],[116.0,1.2627059E-4],[117.0,9.470295E-5],[118.0,1.5783825E-4],[119.0,3.156765E-4],[120.0,3.4724415E-4],[121.0,1.2627059E-4],[122.0,9.470295E-5],[123.0,2.5254118E-4],[124.0,9.470295E-5],[125.0,1.894059E-4],[126.0,1.2627059E-4],[127.0,1.894059E-4],[128.0,1.2627059E-4],[129.0,1.2627059E-4],[130.0,9.470295E-5],[131.0,1.894059E-4],[132.0,1.2627059E-4],[133.0,1.894059E-4],[134.0,1.2627059E-4],[135.0,3.1567648E-5],[136.0,9.470295E-5],[137.0,1.2627059E-4],[138.0,1.5783825E-4],[139.0,9.470295E-5],[140.0,1.894059E-4],[141.0,1.2627059E-4],[142.0,1.894059E-4],[143.0,3.1567648E-5],[144.0,3.1567648E-5],[145.0,1.5783825E-4],[146.0,3.1567648E-5],[147.0,2.2097354E-4],[148.0,6.3135296E-5],[149.0,1.2627059E-4],[150.0,9.470295E-5],[151.0,1.2627059E-4],[152.0,6.3135296E-5],[153.0,6.3135296E-5],[154.0,9.470295E-5],[156.0,6.3135296E-5],[157.0,9.470295E-5],[158.0,6.3135296E-5],[159.0,1.894059E-4],[161.0,1.2627059E-4],[162.0,1.5783825E-4],[163.0,3.1567648E-5],[164.0,1.5783825E-4],[165.0,6.3135296E-5],[167.0,9.470295E-5],[168.0,3.1567648E-5],[169.0,6.3135296E-5],[170.0,9.470295E-5],[171.0,6.3135296E-5],[172.0,1.2627059E-4],[173.0,6.3135296E-5],[174.0,3.1567648E-5],[175.0,6.3135296E-5],[176.0,6.3135296E-5],[177.0,9.470295E-5],[178.0,9.470295E-5],[179.0,9.470295E-5],[180.0,3.1567648E-5],[185.0,3.1567648E-5],[186.0,3.1567648E-5],[187.0,6.3135296E-5],[188.0,3.1567648E-5],[189.0,3.1567648E-5],[190.0,6.3135296E-5],[192.0,3.1567648E-5],[193.0,3.1567648E-5],[194.0,6.3135296E-5],[195.0,9.470295E-5],[196.0,6.3135296E-5],[197.0,3.1567648E-5],[198.0,3.1567648E-5],[199.0,9.470295E-5],[200.0,3.1567648E-5],[201.0,6.3135296E-5],[202.0,9.470295E-5],[204.0,1.5783825E-4],[205.0,6.3135296E-5],[206.0,6.3135296E-5],[208.0,3.1567648E-5],[209.0,6.3135296E-5],[212.0,6.3135296E-5],[213.0,6.3135296E-5],[216.0,9.470295E-5],[217.0,3.1567648E-5],[219.0,3.1567648E-5],[222.0,9.470295E-5],[223.0,3.1567648E-5],[230.0,3.1567648E-5],[231.0,6.3135296E-5],[232.0,3.1567648E-5],[234.0,3.1567648E-5],[235.0,3.1567648E-5],[236.0,6.3135296E-5],[238.0,3.1567648E-5],[239.0,3.1567648E-5],[240.0,9.470295E-5],[241.0,3.1567648E-5],[245.0,6.3135296E-5],[247.0,9.470295E-5],[248.0,3.1567648E-5],[252.0,3.1567648E-5],[255.0,3.1567648E-5],[261.0,3.1567648E-5],[262.0,3.1567648E-5],[266.0,3.1567648E-5],[267.0,3.1567648E-5],[270.0,3.1567648E-5],[271.0,6.3135296E-5],[274.0,3.1567648E-5],[280.0,3.1567648E-5],[283.0,3.1567648E-5],[285.0,3.1567648E-5],[288.0,3.1567648E-5],[289.0,6.3135296E-5],[294.0,3.1567648E-5],[302.0,3.1567648E-5],[308.0,3.1567648E-5],[317.0,3.1567648E-5],[323.0,3.1567648E-5],[349.0,3.1567648E-5],[928.0,3.1567648E-5],[1009.0,3.1567648E-5],[1235.0,3.1567648E-5]],"quartiles":"[-25.0, -5.0, -2.0, 3.0, 1235.0]"}
