{"Hour":7,"density_function":[[-23.0,3.2186425E-5],[-21.0,9.655927E-5],[-20.0,6.437285E-5],[-18.0,6.437285E-5],[-17.0,3.8623708E-4],[-16.0,4.5060992E-4],[-15.0,0.0010943384],[-14.0,0.0019311854],[-13.0,0.0029289646],[-12.0,0.0046026586],[-11.0,0.008239725],[-10.0,0.018475007],[-9.0,0.024590427],[-8.0,0.036274098],[-7.0,0.05465255],[-6.0,0.0727735],[-5.0,0.1069233],[-4.0,0.10582896],[-3.0,0.107502654],[-2.0,0.09694551],[-1.0,0.080723554],[0.0,0.07029515],[1.0,0.027744697],[2.0,0.019118736],[3.0,0.014741382],[4.0,0.012456146],[5.0,0.009784672],[6.0,0.009527181],[7.0,0.008110979],[8.0,0.0077247415],[9.0,0.0059866747],[10.0,0.006018861],[11.0,0.005375133],[12.0,0.0051820143],[13.0,0.0037014387],[14.0,0.0037658117],[15.0,0.0032830152],[16.0,0.0032830152],[17.0,0.002961151],[18.0,0.0028324053],[19.0,0.0025105411],[20.0,0.0028002188],[21.0,0.001898999],[22.0,0.002446168],[23.0,0.0018024397],[24.0,0.0016415076],[25.0,0.0018668126],[26.0,0.0014805755],[27.0,0.0015127619],[28.0,0.0011587113],[29.0,0.0015449483],[30.0,0.0016093212],[31.0,9.334063E-4],[32.0,9.655927E-4],[33.0,0.0012552706],[34.0,9.655927E-4],[35.0,5.7935563E-4],[36.0,9.0121984E-4],[37.0,0.0011587113],[38.0,0.001062152],[39.0,7.4028777E-4],[40.0,8.36847E-4],[41.0,7.4028777E-4],[42.0,7.4028777E-4],[43.0,6.11542E-4],[44.0,8.36847E-4],[45.0,5.7935563E-4],[46.0,7.7247416E-4],[47.0,5.7935563E-4],[48.0,3.5405066E-4],[49.0,5.471692E-4],[50.0,4.8279634E-4],[51.0,6.11542E-4],[52.0,3.8623708E-4],[53.0,4.5060992E-4],[54.0,5.471692E-4],[55.0,4.184235E-4],[56.0,4.8279634E-4],[57.0,4.8279634E-4],[58.0,4.184235E-4],[59.0,2.574914E-4],[60.0,3.8623708E-4],[61.0,3.5405066E-4],[62.0,1.9311854E-4],[63.0,4.184235E-4],[64.0,3.2186424E-4],[65.0,2.2530496E-4],[66.0,3.8623708E-4],[67.0,1.6093212E-4],[68.0,4.8279634E-4],[69.0,3.8623708E-4],[70.0,4.184235E-4],[71.0,1.6093212E-4],[72.0,2.8967782E-4],[73.0,9.655927E-5],[74.0,3.5405066E-4],[75.0,2.574914E-4],[76.0,1.6093212E-4],[77.0,1.9311854E-4],[78.0,1.6093212E-4],[79.0,9.655927E-5],[80.0,9.655927E-5],[81.0,2.2530496E-4],[82.0,1.287457E-4],[83.0,1.9311854E-4],[84.0,3.2186424E-4],[85.0,2.8967782E-4],[86.0,1.9311854E-4],[87.0,2.8967782E-4],[88.0,1.287457E-4],[89.0,2.8967782E-4],[90.0,1.6093212E-4],[91.0,2.574914E-4],[92.0,3.8623708E-4],[93.0,2.2530496E-4],[94.0,9.655927E-5],[95.0,9.655927E-5],[96.0,6.437285E-5],[97.0,1.6093212E-4],[98.0,3.2186425E-5],[99.0,6.437285E-5],[100.0,1.9311854E-4],[101.0,1.6093212E-4],[102.0,1.6093212E-4],[103.0,1.287457E-4],[104.0,9.655927E-5],[105.0,3.2186425E-5],[107.0,1.287457E-4],[108.0,9.655927E-5],[109.0,3.2186425E-5],[110.0,1.6093212E-4],[111.0,3.2186425E-5],[112.0,6.437285E-5],[113.0,3.2186425E-5],[114.0,9.655927E-5],[115.0,3.2186425E-5],[121.0,6.437285E-5],[123.0,3.2186425E-5],[126.0,6.437285E-5],[133.0,3.2186425E-5],[135.0,3.2186425E-5],[137.0,6.437285E-5],[138.0,6.437285E-5],[139.0,3.2186425E-5],[140.0,6.437285E-5],[141.0,3.2186425E-5],[148.0,3.2186425E-5],[151.0,3.2186425E-5],[163.0,3.2186425E-5],[177.0,3.2186425E-5],[556.0,3.2186425E-5],[560.0,3.2186425E-5],[565.0,3.2186425E-5],[647.0,3.2186425E-5],[680.0,3.2186425E-5],[751.0,3.2186425E-5],[781.0,3.2186425E-5],[963.0,3.2186425E-5],[980.0,3.2186425E-5]],"quartiles":"[-23.0, -5.0, -3.0, 0.0, 980.0]"}
