{"Hour":11,"density_function":[[-28.0,3.36655E-5],[-24.0,1.009965E-4],[-21.0,1.009965E-4],[-20.0,1.009965E-4],[-19.0,2.01993E-4],[-18.0,5.723135E-4],[-17.0,8.416375E-4],[-16.0,8.07972E-4],[-15.0,0.0015149475],[-14.0,0.0017169404],[-13.0,0.003299219],[-12.0,0.0048141666],[-11.0,0.0074400753],[-10.0,0.017640721],[-9.0,0.019761648],[-8.0,0.02797603],[-7.0,0.03985995],[-6.0,0.05558174],[-5.0,0.08066253],[-4.0,0.081571504],[-3.0,0.08416375],[-2.0,0.0817735],[-1.0,0.072212495],[0.0,0.061540533],[1.0,0.030702936],[2.0,0.024373822],[3.0,0.019391328],[4.0,0.018718017],[5.0,0.015654458],[6.0,0.014610827],[7.0,0.013499865],[8.0,0.010739295],[9.0,0.010705628],[10.0,0.010503636],[11.0,0.008786695],[12.0,0.007978723],[13.0,0.008281713],[14.0,0.0067667654],[15.0,0.007608403],[16.0,0.0058914623],[17.0,0.005251818],[18.0,0.0054874765],[19.0,0.0048814975],[20.0,0.004746835],[21.0,0.003231888],[22.0,0.003770536],[23.0,0.0042081876],[24.0,0.003029895],[25.0,0.0036022086],[26.0,0.0028615675],[27.0,0.0028279019],[28.0,0.003299219],[29.0,0.0033328845],[30.0,0.002760571],[31.0,0.002558578],[32.0,0.002558578],[33.0,0.002087261],[34.0,0.0019525989],[35.0,0.001615944],[36.0,0.0024575815],[37.0,0.001750606],[38.0,0.0023902506],[39.0,0.0019862645],[40.0,0.001817937],[41.0,0.001077296],[42.0,0.0017842714],[43.0,0.0013802855],[44.0,0.0014476165],[45.0,0.0014139509],[46.0,0.001548613],[47.0,0.001548613],[48.0,0.00134662],[49.0,0.0014476165],[50.0,0.001615944],[51.0,0.001817937],[52.0,0.001077296],[53.0,0.0012456235],[54.0,0.001144627],[55.0,0.0014476165],[56.0,0.001279289],[57.0,0.001077296],[58.0,9.42634E-4],[59.0,0.0013802855],[60.0,0.001009965],[61.0,8.75303E-4],[62.0,0.001009965],[63.0,0.0010436305],[64.0,0.001077296],[65.0,0.001144627],[66.0,8.75303E-4],[67.0,7.40641E-4],[68.0,8.416375E-4],[69.0,5.38648E-4],[70.0,8.07972E-4],[71.0,8.07972E-4],[72.0,6.7331E-4],[73.0,5.38648E-4],[74.0,6.396445E-4],[75.0,8.07972E-4],[76.0,6.7331E-4],[77.0,6.05979E-4],[78.0,5.049825E-4],[79.0,4.376515E-4],[80.0,4.03986E-4],[81.0,4.03986E-4],[82.0,5.38648E-4],[83.0,5.049825E-4],[84.0,6.7331E-4],[85.0,4.03986E-4],[86.0,3.029895E-4],[87.0,5.723135E-4],[88.0,5.723135E-4],[89.0,5.049825E-4],[90.0,8.07972E-4],[91.0,4.376515E-4],[92.0,2.356585E-4],[93.0,3.703205E-4],[94.0,3.029895E-4],[95.0,3.703205E-4],[96.0,2.01993E-4],[97.0,3.36655E-4],[98.0,1.683275E-4],[99.0,3.36655E-4],[100.0,3.703205E-4],[101.0,2.69324E-4],[102.0,2.69324E-4],[103.0,4.03986E-4],[104.0,1.34662E-4],[105.0,1.683275E-4],[106.0,3.36655E-4],[107.0,2.356585E-4],[108.0,2.356585E-4],[109.0,2.356585E-4],[110.0,2.01993E-4],[111.0,3.029895E-4],[112.0,4.03986E-4],[113.0,6.7331E-5],[114.0,2.69324E-4],[115.0,2.01993E-4],[116.0,1.683275E-4],[117.0,2.356585E-4],[118.0,2.356585E-4],[119.0,1.009965E-4],[120.0,1.683275E-4],[121.0,2.01993E-4],[122.0,3.029895E-4],[123.0,3.029895E-4],[124.0,2.356585E-4],[125.0,2.01993E-4],[126.0,2.356585E-4],[127.0,2.356585E-4],[128.0,1.34662E-4],[129.0,2.69324E-4],[130.0,1.009965E-4],[131.0,6.7331E-5],[132.0,6.7331E-5],[133.0,1.009965E-4],[134.0,2.01993E-4],[135.0,1.009965E-4],[136.0,1.34662E-4],[137.0,1.009965E-4],[138.0,6.7331E-5],[139.0,1.683275E-4],[140.0,1.34662E-4],[141.0,1.009965E-4],[142.0,1.34662E-4],[143.0,1.009965E-4],[144.0,6.7331E-5],[145.0,1.009965E-4],[146.0,1.009965E-4],[147.0,3.36655E-5],[148.0,1.009965E-4],[149.0,6.7331E-5],[150.0,1.34662E-4],[151.0,3.36655E-5],[152.0,6.7331E-5],[153.0,6.7331E-5],[154.0,6.7331E-5],[155.0,3.36655E-5],[156.0,2.01993E-4],[157.0,3.36655E-5],[158.0,1.009965E-4],[159.0,1.683275E-4],[160.0,3.36655E-5],[161.0,1.34662E-4],[163.0,1.009965E-4],[164.0,1.009965E-4],[165.0,1.009965E-4],[166.0,1.009965E-4],[167.0,6.7331E-5],[168.0,2.01993E-4],[169.0,1.009965E-4],[170.0,6.7331E-5],[171.0,1.34662E-4],[172.0,6.7331E-5],[173.0,1.009965E-4],[174.0,6.7331E-5],[176.0,6.7331E-5],[177.0,6.7331E-5],[178.0,3.36655E-5],[179.0,3.36655E-5],[180.0,6.7331E-5],[181.0,1.34662E-4],[183.0,1.683275E-4],[184.0,6.7331E-5],[185.0,6.7331E-5],[186.0,3.36655E-5],[187.0,6.7331E-5],[188.0,2.01993E-4],[189.0,3.36655E-5],[190.0,1.009965E-4],[191.0,6.7331E-5],[192.0,6.7331E-5],[193.0,3.36655E-5],[194.0,6.7331E-5],[195.0,1.009965E-4],[196.0,6.7331E-5],[197.0,3.36655E-5],[198.0,6.7331E-5],[201.0,1.009965E-4],[202.0,3.36655E-5],[203.0,6.7331E-5],[204.0,6.7331E-5],[205.0,1.009965E-4],[206.0,3.36655E-5],[207.0,1.009965E-4],[209.0,3.36655E-5],[210.0,6.7331E-5],[211.0,3.36655E-5],[212.0,6.7331E-5],[215.0,3.36655E-5],[216.0,1.009965E-4],[218.0,6.7331E-5],[219.0,3.36655E-5],[220.0,6.7331E-5],[221.0,6.7331E-5],[223.0,3.36655E-5],[224.0,3.36655E-5],[225.0,3.36655E-5],[226.0,3.36655E-5],[227.0,1.009965E-4],[228.0,6.7331E-5],[230.0,1.009965E-4],[232.0,6.7331E-5],[234.0,3.36655E-5],[235.0,3.36655E-5],[236.0,3.36655E-5],[240.0,3.36655E-5],[241.0,6.7331E-5],[242.0,3.36655E-5],[243.0,3.36655E-5],[246.0,3.36655E-5],[247.0,3.36655E-5],[248.0,3.36655E-5],[249.0,3.36655E-5],[252.0,3.36655E-5],[255.0,3.36655E-5],[256.0,6.7331E-5],[257.0,6.7331E-5],[258.0,3.36655E-5],[260.0,3.36655E-5],[261.0,1.009965E-4],[262.0,3.36655E-5],[270.0,6.7331E-5],[273.0,3.36655E-5],[274.0,3.36655E-5],[275.0,3.36655E-5],[278.0,3.36655E-5],[279.0,3.36655E-5],[280.0,3.36655E-5],[281.0,3.36655E-5],[285.0,3.36655E-5],[286.0,3.36655E-5],[287.0,6.7331E-5],[290.0,6.7331E-5],[291.0,3.36655E-5],[294.0,3.36655E-5],[301.0,3.36655E-5],[303.0,1.009965E-4],[310.0,3.36655E-5],[319.0,6.7331E-5],[323.0,3.36655E-5],[324.0,3.36655E-5],[325.0,3.36655E-5],[330.0,3.36655E-5],[339.0,3.36655E-5],[340.0,3.36655E-5],[341.0,3.36655E-5],[344.0,3.36655E-5],[345.0,3.36655E-5],[352.0,3.36655E-5],[365.0,3.36655E-5],[378.0,3.36655E-5],[386.0,3.36655E-5],[412.0,3.36655E-5],[416.0,3.36655E-5],[816.0,3.36655E-5],[835.0,3.36655E-5],[1156.0,3.36655E-5]],"quartiles":"[-28.0, -5.0, -2.0, 5.0, 1156.0]"}
