{"Hour":16,"density_function":[[-29.0,3.572577E-5],[-28.0,3.572577E-5],[-24.0,3.572577E-5],[-23.0,3.572577E-5],[-22.0,1.0717731E-4],[-21.0,1.0717731E-4],[-20.0,7.145154E-5],[-19.0,3.9298346E-4],[-18.0,4.2870923E-4],[-17.0,6.073381E-4],[-16.0,0.0012861277],[-15.0,0.0016076596],[-14.0,0.0028937873],[-13.0,0.0036797542],[-12.0,0.0058233],[-11.0,0.008002573],[-10.0,0.01604087],[-9.0,0.017219821],[-8.0,0.025508199],[-7.0,0.032474723],[-6.0,0.046550676],[-5.0,0.06069808],[-4.0,0.066056944],[-3.0,0.070201136],[-2.0,0.07034404],[-1.0,0.06469937],[0.0,0.058733165],[1.0,0.029009324],[2.0,0.024007717],[3.0,0.021578364],[4.0,0.019041834],[5.0,0.016219499],[6.0,0.016183773],[7.0,0.015004823],[8.0,0.012825551],[9.0,0.012432568],[10.0,0.012182487],[11.0,0.011467972],[12.0,0.01046765],[13.0,0.008895717],[14.0,0.008645636],[15.0,0.008467007],[16.0,0.008717088],[17.0,0.008074024],[18.0,0.007288057],[19.0,0.006037655],[20.0,0.0062877354],[21.0,0.0054660426],[22.0,0.0058947518],[23.0,0.005144511],[24.0,0.0048587047],[25.0,0.0051802364],[26.0,0.0042870925],[27.0,0.0042870925],[28.0,0.0041084634],[29.0,0.0035368511],[30.0,0.0032867708],[31.0,0.004215641],[32.0,0.0030009646],[33.0,0.0028937873],[34.0,0.003393948],[35.0,0.00278661],[36.0,0.0033582223],[37.0,0.0028937873],[38.0,0.0028937873],[39.0,0.002929513],[40.0,0.0019291915],[41.0,0.0024650781],[42.0,0.0023936266],[43.0,0.0022864493],[44.0,0.0024650781],[45.0,0.0027151585],[46.0,0.002322175],[47.0,0.0017148369],[48.0,0.0020006432],[49.0,0.0015719339],[50.0,0.0026794327],[51.0,0.0019291915],[52.0,0.0015004823],[53.0,0.0022149978],[54.0,0.0022149978],[55.0,0.0017148369],[56.0,0.0016076596],[57.0,0.001393305],[58.0,0.001393305],[59.0,0.0019649174],[60.0,9.6459576E-4],[61.0,0.0022149978],[62.0,0.0012861277],[63.0,0.0012146762],[64.0,0.0012861277],[65.0,0.0012861277],[66.0,0.0015004823],[67.0,0.0015719339],[68.0,6.4306386E-4],[69.0,0.0012861277],[70.0,0.0010003216],[71.0,8.931442E-4],[72.0,0.0010360474],[73.0,0.001250402],[74.0,8.216927E-4],[75.0,8.216927E-4],[76.0,0.0010717731],[77.0,7.5024116E-4],[78.0,8.931442E-4],[79.0,0.0011432247],[80.0,7.5024116E-4],[81.0,5.001608E-4],[82.0,7.859669E-4],[83.0,0.0012861277],[84.0,0.0010003216],[85.0,9.2887E-4],[86.0,0.0010003216],[87.0,6.4306386E-4],[88.0,8.216927E-4],[89.0,6.4306386E-4],[90.0,0.0010003216],[91.0,7.145154E-4],[92.0,5.001608E-4],[93.0,9.6459576E-4],[94.0,6.787896E-4],[95.0,6.787896E-4],[96.0,5.3588656E-4],[97.0,5.001608E-4],[98.0,6.4306386E-4],[99.0,5.716123E-4],[100.0,6.073381E-4],[101.0,5.716123E-4],[102.0,4.2870923E-4],[103.0,8.5741846E-4],[104.0,3.572577E-4],[105.0,4.2870923E-4],[106.0,5.001608E-4],[107.0,3.9298346E-4],[108.0,2.8580616E-4],[109.0,5.001608E-4],[110.0,4.64435E-4],[111.0,3.2153193E-4],[112.0,4.2870923E-4],[113.0,5.3588656E-4],[114.0,3.572577E-4],[115.0,3.572577E-4],[116.0,4.2870923E-4],[117.0,1.4290308E-4],[118.0,3.9298346E-4],[119.0,4.2870923E-4],[120.0,2.1435462E-4],[121.0,4.64435E-4],[122.0,1.4290308E-4],[123.0,3.9298346E-4],[124.0,2.1435462E-4],[125.0,2.8580616E-4],[126.0,2.8580616E-4],[127.0,1.4290308E-4],[128.0,2.8580616E-4],[129.0,1.7862885E-4],[130.0,2.500804E-4],[131.0,3.2153193E-4],[132.0,2.500804E-4],[133.0,3.2153193E-4],[134.0,5.3588656E-4],[135.0,2.1435462E-4],[136.0,4.2870923E-4],[137.0,2.1435462E-4],[138.0,2.500804E-4],[139.0,1.0717731E-4],[140.0,4.64435E-4],[141.0,3.2153193E-4],[142.0,1.7862885E-4],[143.0,3.2153193E-4],[144.0,2.500804E-4],[145.0,1.7862885E-4],[146.0,2.500804E-4],[147.0,2.8580616E-4],[148.0,1.7862885E-4],[149.0,1.0717731E-4],[150.0,2.1435462E-4],[151.0,3.572577E-5],[152.0,1.4290308E-4],[153.0,2.8580616E-4],[154.0,2.500804E-4],[155.0,1.0717731E-4],[156.0,1.7862885E-4],[157.0,2.1435462E-4],[158.0,1.0717731E-4],[159.0,1.4290308E-4],[160.0,1.7862885E-4],[161.0,1.4290308E-4],[162.0,2.8580616E-4],[163.0,1.4290308E-4],[164.0,1.4290308E-4],[165.0,3.572577E-5],[166.0,1.7862885E-4],[167.0,1.4290308E-4],[168.0,1.7862885E-4],[169.0,2.1435462E-4],[170.0,1.4290308E-4],[171.0,7.145154E-5],[172.0,7.145154E-5],[173.0,1.0717731E-4],[174.0,2.8580616E-4],[175.0,2.500804E-4],[176.0,1.4290308E-4],[177.0,2.8580616E-4],[178.0,7.145154E-5],[180.0,1.0717731E-4],[181.0,1.4290308E-4],[182.0,3.2153193E-4],[183.0,3.572577E-5],[184.0,7.145154E-5],[185.0,1.0717731E-4],[186.0,1.0717731E-4],[188.0,1.7862885E-4],[189.0,1.4290308E-4],[191.0,1.4290308E-4],[192.0,1.0717731E-4],[193.0,7.145154E-5],[194.0,1.4290308E-4],[195.0,3.572577E-5],[196.0,1.0717731E-4],[197.0,3.572577E-5],[198.0,7.145154E-5],[199.0,7.145154E-5],[200.0,7.145154E-5],[201.0,7.145154E-5],[202.0,1.4290308E-4],[203.0,1.0717731E-4],[204.0,3.572577E-5],[205.0,1.0717731E-4],[206.0,3.572577E-5],[207.0,7.145154E-5],[208.0,3.572577E-5],[209.0,3.572577E-5],[210.0,7.145154E-5],[212.0,7.145154E-5],[214.0,7.145154E-5],[215.0,7.145154E-5],[216.0,3.572577E-5],[217.0,7.145154E-5],[218.0,1.0717731E-4],[219.0,3.572577E-5],[220.0,7.145154E-5],[221.0,7.145154E-5],[222.0,1.0717731E-4],[223.0,7.145154E-5],[224.0,1.7862885E-4],[226.0,1.0717731E-4],[227.0,3.572577E-5],[230.0,1.0717731E-4],[232.0,7.145154E-5],[233.0,2.1435462E-4],[234.0,1.0717731E-4],[235.0,7.145154E-5],[236.0,3.572577E-5],[237.0,1.0717731E-4],[238.0,3.572577E-5],[239.0,3.572577E-5],[241.0,3.572577E-5],[243.0,3.572577E-5],[245.0,7.145154E-5],[247.0,3.572577E-5],[248.0,3.572577E-5],[249.0,1.0717731E-4],[250.0,3.572577E-5],[251.0,7.145154E-5],[253.0,7.145154E-5],[254.0,3.572577E-5],[255.0,7.145154E-5],[256.0,7.145154E-5],[257.0,3.572577E-5],[261.0,7.145154E-5],[262.0,3.572577E-5],[263.0,3.572577E-5],[264.0,3.572577E-5],[265.0,3.572577E-5],[266.0,7.145154E-5],[267.0,3.572577E-5],[268.0,3.572577E-5],[269.0,3.572577E-5],[270.0,1.0717731E-4],[271.0,3.572577E-5],[272.0,3.572577E-5],[275.0,3.572577E-5],[277.0,3.572577E-5],[280.0,7.145154E-5],[281.0,3.572577E-5],[284.0,7.145154E-5],[285.0,1.0717731E-4],[286.0,3.572577E-5],[287.0,3.572577E-5],[288.0,3.572577E-5],[289.0,3.572577E-5],[294.0,7.145154E-5],[297.0,7.145154E-5],[298.0,7.145154E-5],[299.0,3.572577E-5],[300.0,3.572577E-5],[301.0,3.572577E-5],[304.0,7.145154E-5],[306.0,3.572577E-5],[307.0,3.572577E-5],[309.0,3.572577E-5],[310.0,3.572577E-5],[311.0,7.145154E-5],[315.0,7.145154E-5],[316.0,7.145154E-5],[319.0,3.572577E-5],[320.0,7.145154E-5],[322.0,3.572577E-5],[325.0,3.572577E-5],[327.0,1.0717731E-4],[328.0,3.572577E-5],[338.0,3.572577E-5],[345.0,3.572577E-5],[346.0,3.572577E-5],[351.0,3.572577E-5],[354.0,3.572577E-5],[356.0,3.572577E-5],[361.0,3.572577E-5],[365.0,3.572577E-5],[374.0,3.572577E-5],[376.0,7.145154E-5],[379.0,7.145154E-5],[382.0,7.145154E-5],[394.0,3.572577E-5],[405.0,3.572577E-5],[409.0,3.572577E-5],[415.0,3.572577E-5],[422.0,3.572577E-5],[431.0,3.572577E-5],[435.0,3.572577E-5],[439.0,3.572577E-5],[441.0,3.572577E-5],[455.0,3.572577E-5],[458.0,3.572577E-5],[460.0,3.572577E-5],[479.0,3.572577E-5],[497.0,3.572577E-5],[519.0,3.572577E-5],[520.0,3.572577E-5],[537.0,3.572577E-5],[542.0,3.572577E-5],[551.0,3.572577E-5],[561.0,3.572577E-5],[593.0,3.572577E-5],[607.0,3.572577E-5],[639.0,3.572577E-5],[687.0,3.572577E-5]],"quartiles":"[-29.0, -4.0, 0.0, 12.0, 687.0]"}
{"Hour":6,