{"Hour":14,"density_function":[[-29.0,3.592212E-5],[-27.0,7.184424E-5],[-25.0,3.592212E-5],[-24.0,7.184424E-5],[-22.0,3.592212E-5],[-21.0,1.0776636E-4],[-20.0,1.0776636E-4],[-19.0,2.1553272E-4],[-18.0,3.5922122E-4],[-17.0,4.6698758E-4],[-16.0,9.6989726E-4],[-15.0,0.0016164954],[-14.0,0.0026223147],[-13.0,0.003592212],[-12.0,0.0052087074],[-11.0,0.00829801],[-10.0,0.0159135],[-9.0,0.017063007],[-8.0,0.025109563],[-7.0,0.03297651],[-6.0,0.046842445],[-5.0,0.06293555],[-4.0,0.06627631],[-3.0,0.07565199],[-2.0,0.0727423],[-1.0,0.066851065],[0.0,0.059487034],[1.0,0.031000791],[2.0,0.025361016],[3.0,0.021445505],[4.0,0.020367842],[5.0,0.017925138],[6.0,0.016739707],[7.0,0.015195057],[8.0,0.014368848],[9.0,0.013183419],[10.0,0.012644586],[11.0,0.010992169],[12.0,0.01135139],[13.0,0.008908686],[14.0,0.008477621],[15.0,0.009878583],[16.0,0.008549465],[17.0,0.0076154894],[18.0,0.006825203],[19.0,0.0067174365],[20.0,0.00592715],[21.0,0.005567929],[22.0,0.0057116174],[23.0,0.0051009413],[24.0,0.0049572526],[25.0,0.00474172],[26.0,0.0042388104],[27.0,0.004669876],[28.0,0.003879589],[29.0,0.0037718227],[30.0,0.0039873556],[31.0,0.003592212],[32.0,0.0029456138],[33.0,0.0034485236],[34.0,0.003268913],[35.0,0.002981536],[36.0,0.0020116388],[37.0,0.002658237],[38.0,0.0026223147],[39.0,0.0021912493],[40.0,0.0025504706],[41.0,0.0025145484],[42.0,0.0019397945],[43.0,0.00237086],[44.0,0.0022630936],[45.0,0.0021194052],[46.0,0.0016883396],[47.0,0.0018320282],[48.0,0.0015805733],[49.0,0.0020116388],[50.0,0.0015087291],[51.0,0.0015446512],[52.0,0.0016524176],[53.0,0.0016524176],[54.0,0.002083483],[55.0,0.0014009627],[56.0,0.0014009627],[57.0,0.0012213521],[58.0,0.0015087291],[59.0,0.0010417415],[60.0,0.0010776636],[61.0,7.1844243E-4],[62.0,0.0012572742],[63.0,0.0012213521],[64.0,0.0011135858],[65.0,0.0010058194],[66.0,0.0010058194],[67.0,6.825203E-4],[68.0,0.0010058194],[69.0,0.0010417415],[70.0,7.9028663E-4],[71.0,0.0011495078],[72.0,7.9028663E-4],[73.0,0.0010058194],[74.0,8.621309E-4],[75.0,9.3397516E-4],[76.0,7.1844243E-4],[77.0,7.1844243E-4],[78.0,6.825203E-4],[79.0,4.3106545E-4],[80.0,7.1844243E-4],[81.0,7.5436453E-4],[82.0,6.1067607E-4],[83.0,7.5436453E-4],[84.0,7.9028663E-4],[85.0,5.388318E-4],[86.0,5.388318E-4],[87.0,6.465982E-4],[88.0,6.825203E-4],[89.0,6.825203E-4],[90.0,5.747539E-4],[91.0,3.232991E-4],[92.0,7.9028663E-4],[93.0,5.388318E-4],[94.0,5.029097E-4],[95.0,3.9514332E-4],[96.0,5.029097E-4],[97.0,5.388318E-4],[98.0,2.8737696E-4],[99.0,6.1067607E-4],[100.0,3.232991E-4],[101.0,2.1553272E-4],[102.0,4.6698758E-4],[103.0,3.232991E-4],[104.0,2.5145485E-4],[105.0,5.747539E-4],[106.0,4.3106545E-4],[107.0,3.9514332E-4],[108.0,5.747539E-4],[109.0,2.8737696E-4],[110.0,3.9514332E-4],[111.0,2.5145485E-4],[112.0,3.9514332E-4],[113.0,2.5145485E-4],[114.0,2.8737696E-4],[115.0,3.5922122E-4],[116.0,3.5922122E-4],[117.0,2.5145485E-4],[118.0,3.9514332E-4],[119.0,1.4368848E-4],[120.0,2.8737696E-4],[121.0,1.7961061E-4],[122.0,1.4368848E-4],[123.0,2.5145485E-4],[124.0,3.232991E-4],[125.0,2.5145485E-4],[126.0,1.7961061E-4],[127.0,1.4368848E-4],[128.0,1.4368848E-4],[129.0,1.7961061E-4],[130.0,3.9514332E-4],[131.0,3.9514332E-4],[132.0,2.1553272E-4],[133.0,1.4368848E-4],[134.0,2.1553272E-4],[135.0,1.0776636E-4],[136.0,1.7961061E-4],[137.0,4.6698758E-4],[138.0,2.1553272E-4],[139.0,7.184424E-5],[140.0,1.7961061E-4],[141.0,1.4368848E-4],[142.0,1.0776636E-4],[143.0,2.1553272E-4],[144.0,2.1553272E-4],[145.0,1.0776636E-4],[146.0,1.0776636E-4],[147.0,7.184424E-5],[148.0,2.1553272E-4],[149.0,1.0776636E-4],[150.0,1.4368848E-4],[151.0,1.7961061E-4],[152.0,1.7961061E-4],[153.0,1.4368848E-4],[154.0,7.184424E-5],[155.0,1.0776636E-4],[156.0,1.7961061E-4],[157.0,1.0776636E-4],[158.0,1.4368848E-4],[159.0,2.1553272E-4],[160.0,1.0776636E-4],[161.0,3.592212E-5],[162.0,7.184424E-5],[163.0,1.7961061E-4],[164.0,7.184424E-5],[165.0,1.0776636E-4],[166.0,1.7961061E-4],[167.0,1.0776636E-4],[168.0,7.184424E-5],[169.0,3.592212E-5],[170.0,1.0776636E-4],[171.0,1.0776636E-4],[172.0,7.184424E-5],[174.0,1.4368848E-4],[175.0,7.184424E-5],[176.0,3.592212E-5],[177.0,1.0776636E-4],[178.0,7.184424E-5],[179.0,1.4368848E-4],[180.0,7.184424E-5],[181.0,7.184424E-5],[182.0,1.4368848E-4],[183.0,1.7961061E-4],[184.0,7.184424E-5],[185.0,7.184424E-5],[186.0,1.0776636E-4],[187.0,3.592212E-5],[188.0,3.592212E-5],[189.0,1.4368848E-4],[190.0,1.4368848E-4],[191.0,1.7961061E-4],[192.0,3.592212E-5],[193.0,7.184424E-5],[194.0,7.184424E-5],[195.0,3.592212E-5],[196.0,3.592212E-5],[197.0,3.592212E-5],[198.0,1.0776636E-4],[199.0,3.592212E-5],[201.0,1.4368848E-4],[202.0,7.184424E-5],[203.0,3.592212E-5],[204.0,3.592212E-5],[205.0,1.0776636E-4],[206.0,7.184424E-5],[207.0,1.4368848E-4],[208.0,3.592212E-5],[209.0,1.0776636E-4],[211.0,1.0776636E-4],[213.0,7.184424E-5],[215.0,7.184424E-5],[216.0,7.184424E-5],[217.0,3.592212E-5],[218.0,7.184424E-5],[220.0,3.592212E-5],[221.0,3.592212E-5],[222.0,3.592212E-5],[223.0,3.592212E-5],[224.0,3.592212E-5],[225.0,3.592212E-5],[226.0,7.184424E-5],[228.0,7.184424E-5],[229.0,3.592212E-5],[231.0,3.592212E-5],[232.0,7.184424E-5],[233.0,7.184424E-5],[234.0,3.592212E-5],[235.0,3.592212E-5],[236.0,3.592212E-5],[238.0,7.184424E-5],[239.0,3.592212E-5],[240.0,3.592212E-5],[241.0,3.592212E-5],[243.0,3.592212E-5],[244.0,7.184424E-5],[246.0,3.592212E-5],[247.0,3.592212E-5],[248.0,3.592212E-5],[251.0,3.592212E-5],[253.0,3.592212E-5],[254.0,7.184424E-5],[255.0,3.592212E-5],[260.0,3.592212E-5],[262.0,3.592212E-5],[263.0,7.184424E-5],[268.0,1.0776636E-4],[269.0,7.184424E-5],[273.0,1.0776636E-4],[274.0,3.592212E-5],[275.0,3.592212E-5],[279.0,3.592212E-5],[283.0,3.592212E-5],[284.0,3.592212E-5],[290.0,3.592212E-5],[291.0,3.592212E-5],[292.0,3.592212E-5],[294.0,3.592212E-5],[295.0,3.592212E-5],[301.0,3.592212E-5],[302.0,3.592212E-5],[304.0,7.184424E-5],[306.0,3.592212E-5],[309.0,3.592212E-5],[310.0,7.184424E-5],[312.0,3.592212E-5],[313.0,3.592212E-5],[318.0,3.592212E-5],[319.0,3.592212E-5],[327.0,3.592212E-5],[331.0,3.592212E-5],[332.0,3.592212E-5],[337.0,3.592212E-5],[344.0,3.592212E-5],[348.0,3.592212E-5],[353.0,3.592212E-5],[365.0,3.592212E-5],[379.0,3.592212E-5],[380.0,3.592212E-5],[391.0,3.592212E-5],[398.0,3.592212E-5],[405.0,3.592212E-5],[414.0,7.184424E-5],[424.0,3.592212E-5],[426.0,3.592212E-5],[440.0,3.592212E-5],[441.0,3.592212E-5],[444.0,3.592212E-5],[447.0,3.592212E-5],[457.0,3.592212E-5],[458.0,3.592212E-5],[465.0,3.592212E-5],[471.0,3.592212E-5],[480.0,3.592212E-5],[505.0,3.592212E-5],[532.0,3.592212E-5],[565.0,3.592212E-5],[1878.0,3.592212E-5]],"quartiles":"[-29.0, -4.0, -1.0, 10.0, 1878.0]"}
