{"Hour":17,"density_function":[[-28.0,3.126661E-5],[-26.0,3.126661E-5],[-25.0,3.126661E-5],[-24.0,9.3799834E-5],[-22.0,1.2506644E-4],[-21.0,9.3799834E-5],[-20.0,3.439327E-4],[-19.0,4.0646593E-4],[-18.0,6.2533224E-4],[-17.0,7.8166527E-4],[-16.0,8.1293186E-4],[-15.0,0.0016258637],[-14.0,0.0018759966],[-13.0,0.0033767938],[-12.0,0.0054091234],[-11.0,0.0079729855],[-10.0,0.01622737],[-9.0,0.018853767],[-8.0,0.024419222],[-7.0,0.032704875],[-6.0,0.044805054],[-5.0,0.06187662],[-4.0,0.06572241],[-3.0,0.06991214],[-2.0,0.06641028],[-1.0,0.061657757],[0.0,0.05856236],[1.0,0.030297345],[2.0,0.02554482],[3.0,0.021448895],[4.0,0.019635431],[5.0,0.017696902],[6.0,0.016008504],[7.0,0.014288841],[8.0,0.014163774],[9.0,0.013788575],[10.0,0.012037645],[11.0,0.011099647],[12.0,0.010912047],[13.0,0.010036582],[14.0,0.008973517],[15.0,0.008910984],[16.0,0.008191852],[17.0,0.0078791855],[18.0,0.0071913204],[19.0,0.007222587],[20.0,0.007128787],[21.0,0.005784323],[22.0,0.0048463247],[23.0,0.005846856],[24.0,0.004502392],[25.0,0.005065191],[26.0,0.004471125],[27.0,0.0044398587],[28.0,0.0044398587],[29.0,0.0043460587],[30.0,0.0034080606],[31.0,0.0035018604],[32.0,0.0034393272],[33.0,0.0029077947],[34.0,0.0034705938],[35.0,0.0032517274],[36.0,0.0030015947],[37.0,0.0034705938],[38.0,0.0026263953],[39.0,0.0026889285],[40.0,0.0028452615],[41.0,0.0021886628],[42.0,0.0023762623],[43.0,0.002501329],[44.0,0.002657662],[45.0,0.0022199294],[46.0,0.002094863],[47.0,0.0016883969],[48.0,0.0023449957],[49.0,0.0019697964],[50.0,0.0019697964],[51.0,0.0015007973],[52.0,0.0016883969],[53.0,0.0019072632],[54.0,0.0017821968],[55.0,0.0016883969],[56.0,0.0015945971],[57.0,0.0013757308],[58.0,0.0012819311],[59.0,0.0010943314],[60.0,0.0015007973],[61.0,0.0011568646],[62.0,0.0013444643],[63.0,0.0010943314],[64.0,0.0010943314],[65.0,0.001438264],[66.0,0.0010317982],[67.0,9.067317E-4],[68.0,0.0011881312],[69.0,0.0011568646],[70.0,0.0013131977],[71.0,9.6926495E-4],[72.0,9.067317E-4],[73.0,7.19132E-4],[74.0,0.0010317982],[75.0,9.379983E-4],[76.0,6.878654E-4],[77.0,8.4419845E-4],[78.0,7.8166527E-4],[79.0,8.4419845E-4],[80.0,0.0010630648],[81.0,0.0010317982],[82.0,5.940656E-4],[83.0,7.19132E-4],[84.0,7.8166527E-4],[85.0,9.067317E-4],[86.0,8.754651E-4],[87.0,4.0646593E-4],[88.0,5.0026574E-4],[89.0,7.8166527E-4],[90.0,7.8166527E-4],[91.0,6.5659883E-4],[92.0,6.5659883E-4],[93.0,0.0010317982],[94.0,5.940656E-4],[95.0,5.940656E-4],[96.0,5.62799E-4],[97.0,5.62799E-4],[98.0,4.3773255E-4],[99.0,6.5659883E-4],[100.0,7.5039867E-4],[101.0,5.315324E-4],[102.0,4.3773255E-4],[103.0,5.62799E-4],[104.0,5.62799E-4],[105.0,3.1266612E-4],[106.0,4.0646593E-4],[107.0,4.6899915E-4],[108.0,5.0026574E-4],[109.0,4.3773255E-4],[110.0,3.1266612E-4],[111.0,5.315324E-4],[112.0,5.0026574E-4],[113.0,3.439327E-4],[114.0,5.315324E-4],[115.0,5.315324E-4],[116.0,2.813995E-4],[117.0,4.6899915E-4],[118.0,4.3773255E-4],[119.0,2.813995E-4],[120.0,4.3773255E-4],[121.0,3.7519934E-4],[122.0,4.6899915E-4],[123.0,5.940656E-4],[124.0,4.0646593E-4],[125.0,3.7519934E-4],[126.0,5.315324E-4],[127.0,4.6899915E-4],[128.0,2.813995E-4],[129.0,3.439327E-4],[130.0,4.3773255E-4],[131.0,2.813995E-4],[132.0,2.5013287E-4],[133.0,2.5013287E-4],[134.0,3.7519934E-4],[135.0,3.7519934E-4],[136.0,2.1886628E-4],[137.0,3.439327E-4],[138.0,3.439327E-4],[139.0,2.1886628E-4],[140.0,1.5633306E-4],[141.0,2.1886628E-4],[142.0,2.813995E-4],[143.0,2.813995E-4],[144.0,2.5013287E-4],[145.0,2.5013287E-4],[146.0,3.439327E-4],[147.0,2.813995E-4],[148.0,2.813995E-4],[149.0,1.5633306E-4],[150.0,2.813995E-4],[151.0,3.1266612E-4],[152.0,2.5013287E-4],[153.0,9.3799834E-5],[154.0,2.1886628E-4],[155.0,1.5633306E-4],[156.0,1.8759967E-4],[157.0,1.2506644E-4],[158.0,1.5633306E-4],[159.0,1.5633306E-4],[160.0,2.813995E-4],[161.0,2.5013287E-4],[162.0,2.5013287E-4],[163.0,1.5633306E-4],[164.0,1.5633306E-4],[165.0,1.2506644E-4],[166.0,1.8759967E-4],[167.0,1.5633306E-4],[168.0,9.3799834E-5],[169.0,1.5633306E-4],[170.0,2.1886628E-4],[171.0,1.5633306E-4],[172.0,6.253322E-5],[173.0,9.3799834E-5],[174.0,9.3799834E-5],[175.0,2.813995E-4],[176.0,1.2506644E-4],[177.0,9.3799834E-5],[178.0,9.3799834E-5],[179.0,2.1886628E-4],[180.0,2.5013287E-4],[181.0,1.2506644E-4],[182.0,6.253322E-5],[183.0,9.3799834E-5],[184.0,6.253322E-5],[185.0,1.2506644E-4],[186.0,2.5013287E-4],[187.0,1.5633306E-4],[188.0,1.5633306E-4],[189.0,6.253322E-5],[190.0,6.253322E-5],[192.0,1.5633306E-4],[193.0,1.8759967E-4],[194.0,9.3799834E-5],[195.0,6.253322E-5],[196.0,6.253322E-5],[197.0,9.3799834E-5],[198.0,3.126661E-5],[200.0,2.1886628E-4],[201.0,9.3799834E-5],[202.0,2.5013287E-4],[203.0,9.3799834E-5],[204.0,6.253322E-5],[205.0,6.253322E-5],[206.0,1.5633306E-4],[207.0,1.5633306E-4],[208.0,2.1886628E-4],[209.0,9.3799834E-5],[210.0,3.126661E-5],[211.0,9.3799834E-5],[212.0,6.253322E-5],[213.0,9.3799834E-5],[215.0,6.253322E-5],[216.0,9.3799834E-5],[217.0,1.8759967E-4],[218.0,3.126661E-5],[219.0,1.5633306E-4],[220.0,6.253322E-5],[222.0,6.253322E-5],[223.0,9.3799834E-5],[224.0,6.253322E-5],[225.0,3.126661E-5],[226.0,9.3799834E-5],[227.0,6.253322E-5],[228.0,6.253322E-5],[229.0,1.2506644E-4],[231.0,3.126661E-5],[232.0,6.253322E-5],[233.0,6.253322E-5],[234.0,1.2506644E-4],[235.0,3.126661E-5],[237.0,6.253322E-5],[239.0,3.126661E-5],[240.0,6.253322E-5],[241.0,3.126661E-5],[243.0,3.126661E-5],[244.0,3.126661E-5],[245.0,3.126661E-5],[246.0,3.126661E-5],[247.0,3.126661E-5],[250.0,9.3799834E-5],[251.0,3.126661E-5],[252.0,1.2506644E-4],[254.0,3.126661E-5],[255.0,3.126661E-5],[256.0,3.126661E-5],[257.0,3.126661E-5],[261.0,6.253322E-5],[262.0,3.126661E-5],[263.0,6.253322E-5],[265.0,6.253322E-5],[267.0,9.3799834E-5],[268.0,9.3799834E-5],[269.0,3.126661E-5],[270.0,3.126661E-5],[276.0,6.253322E-5],[277.0,3.126661E-5],[278.0,3.126661E-5],[282.0,3.126661E-5],[284.0,3.126661E-5],[285.0,3.126661E-5],[286.0,3.126661E-5],[289.0,3.126661E-5],[290.0,9.3799834E-5],[291.0,3.126661E-5],[292.0,3.126661E-5],[295.0,3.126661E-5],[296.0,3.126661E-5],[297.0,3.126661E-5],[298.0,3.126661E-5],[299.0,3.126661E-5],[300.0,3.126661E-5],[301.0,9.3799834E-5],[306.0,3.126661E-5],[307.0,3.126661E-5],[308.0,3.126661E-5],[311.0,3.126661E-5],[312.0,3.126661E-5],[315.0,3.126661E-5],[318.0,3.126661E-5],[322.0,3.126661E-5],[324.0,3.126661E-5],[326.0,3.126661E-5],[327.0,6.253322E-5],[329.0,3.126661E-5],[331.0,3.126661E-5],[333.0,3.126661E-5],[335.0,3.126661E-5],[336.0,3.126661E-5],[340.0,3.126661E-5],[341.0,6.253322E-5],[342.0,3.126661E-5],[343.0,3.126661E-5],[345.0,3.126661E-5],[349.0,3.126661E-5],[350.0,3.126661E-5],[354.0,3.126661E-5],[355.0,3.126661E-5],[356.0,3.126661E-5],[358.0,3.126661E-5],[362.0,6.253322E-5],[364.0,3.126661E-5],[368.0,6.253322E-5],[369.0,3.126661E-5],[372.0,3.126661E-5],[373.0,3.126661E-5],[377.0,3.126661E-5],[380.0,3.126661E-5],[381.0,3.126661E-5],[386.0,3.126661E-5],[391.0,3.126661E-5],[402.0,3.126661E-5],[411.0,3.126661E-5],[426.0,3.126661E-5],[445.0,3.126661E-5],[461.0,3.126661E-5],[471.0,3.126661E-5],[490.0,3.126661E-5],[499.0,3.126661E-5],[510.0,3.126661E-5],[521.0,3.126661E-5],[529.0,3.126661E-5],[569.0,3.126661E-5],[583.0,3.126661E-5],[594.0,3.126661E-5],[648.0,3.126661E-5],[659.0,3.126661E-5],[694.0,3.126661E-5],[778.0,3.126661E-5]],"quartiles":"[-28.0, -4.0, 0.0, 12.0, 778.0]"}
{"Hour":9,