{"Hour":5,"density_function":[[-30.0,5.8418038E-5],[-22.0,5.8418038E-5],[-21.0,5.8418038E-5],[-20.0,1.16836076E-4],[-19.0,1.16836076E-4],[-18.0,5.841804E-4],[-17.0,5.841804E-4],[-16.0,0.0012851969],[-15.0,0.0018109592],[-14.0,0.0021614674],[-13.0,0.0051992056],[-12.0,0.007944853],[-11.0,0.014662928],[-10.0,0.027339643],[-9.0,0.03551817],[-8.0,0.04907115],[-7.0,0.070627406],[-6.0,0.09446197],[-5.0,0.1233789],[-4.0,0.12647505],[-3.0,0.12524828],[-2.0,0.11064377],[-1.0,0.09072322],[0.0,0.04439771],[1.0,0.01372824],[2.0,0.008587452],[3.0,0.0068349107],[4.0,0.0062507303],[5.0,0.0042060986],[6.0,0.0036803365],[7.0,0.003096156],[8.0,0.0019277954],[9.0,0.0014604509],[10.0,0.0019862133],[11.0,0.0016941231],[12.0,0.0012267788],[13.0,9.346886E-4],[14.0,0.0012267788],[15.0,0.0011099428],[16.0,8.762706E-4],[17.0,4.673443E-4],[18.0,5.257623E-4],[19.0,6.4259843E-4],[20.0,2.3367215E-4],[21.0,5.257623E-4],[22.0,7.5943454E-4],[23.0,2.920902E-4],[24.0,2.3367215E-4],[25.0,2.920902E-4],[26.0,2.3367215E-4],[27.0,2.920902E-4],[28.0,3.5050823E-4],[29.0,5.8418038E-5],[30.0,2.3367215E-4],[31.0,4.0892628E-4],[32.0,2.3367215E-4],[33.0,1.7525411E-4],[34.0,1.16836076E-4],[35.0,1.16836076E-4],[36.0,1.16836076E-4],[38.0,2.920902E-4],[39.0,2.3367215E-4],[40.0,2.3367215E-4],[41.0,1.16836076E-4],[42.0,5.8418038E-5],[43.0,5.8418038E-5],[45.0,1.16836076E-4],[46.0,1.16836076E-4],[47.0,5.8418038E-5],[48.0,5.8418038E-5],[49.0,1.16836076E-4],[50.0,5.8418038E-5],[51.0,5.8418038E-5],[53.0,1.16836076E-4],[55.0,5.8418038E-5],[56.0,5.8418038E-5],[59.0,5.8418038E-5],[92.0,5.8418038E-5],[93.0,5.8418038E-5],[122.0,5.8418038E-5],[142.0,5.8418038E-5],[271.0,5.8418038E-5],[452.0,5.8418038E-5],[606.0,5.8418038E-5],[1056.0,5.8418038E-5]],"quartiles":"[-30.0, -6.0, -4.0, -2.0, 1056.0]"}
