{"Hour":8,"density_function":[[-24.0,3.1649575E-5],[-22.0,6.329915E-5],[-21.0,6.329915E-5],[-20.0,1.265983E-4],[-18.0,1.8989746E-4],[-17.0,3.7979492E-4],[-16.0,5.6969235E-4],[-15.0,0.0012976326],[-14.0,0.002088872],[-13.0,0.0027851628],[-12.0,0.0049689836],[-11.0,0.0069629066],[-10.0,0.018736549],[-9.0,0.022028105],[-8.0,0.03288391],[-7.0,0.049056843],[-6.0,0.068141535],[-5.0,0.09491708],[-4.0,0.10051905],[-3.0,0.10311432],[-2.0,0.09874668],[-1.0,0.083396636],[0.0,0.06766679],[1.0,0.028769465],[2.0,0.019242942],[3.0,0.016647676],[4.0,0.013197873],[5.0,0.01269148],[6.0,0.009811369],[7.0,0.008671984],[8.0,0.008292189],[9.0,0.0068996074],[10.0,0.0066147614],[11.0,0.0055703255],[12.0,0.00522218],[13.0,0.0046524876],[14.0,0.003956197],[15.0,0.0042093936],[16.0,0.0025003166],[17.0,0.004114445],[18.0,0.0032599063],[19.0,0.0030067097],[20.0,0.002468667],[21.0,0.002468667],[22.0,0.0025003166],[23.0,0.002310419],[24.0,0.002310419],[25.0,0.0017723762],[26.0,0.0021205216],[27.0,0.0018356754],[28.0,0.0016141284],[29.0,0.001709077],[30.0,0.0017723762],[31.0,0.0013292822],[32.0,0.0013609318],[33.0,8.545385E-4],[34.0,0.0013292822],[35.0,0.0014875301],[36.0,0.0011393847],[37.0,0.001265983],[38.0,9.178377E-4],[39.0,0.0011077352],[40.0,0.001265983],[41.0,9.811368E-4],[42.0,0.0011077352],[43.0,8.861881E-4],[44.0,8.545385E-4],[45.0,0.0011710343],[46.0,8.22889E-4],[47.0,9.178377E-4],[48.0,9.178377E-4],[49.0,7.5958984E-4],[50.0,0.0011710343],[51.0,8.22889E-4],[52.0,6.329915E-4],[53.0,6.962907E-4],[54.0,5.6969235E-4],[55.0,5.380428E-4],[56.0,8.861881E-4],[57.0,7.5958984E-4],[58.0,7.2794023E-4],[59.0,4.7474363E-4],[60.0,6.962907E-4],[61.0,5.6969235E-4],[62.0,6.962907E-4],[63.0,6.329915E-4],[64.0,4.114445E-4],[65.0,3.7979492E-4],[66.0,5.380428E-4],[67.0,5.380428E-4],[68.0,5.380428E-4],[69.0,5.380428E-4],[70.0,4.114445E-4],[71.0,4.114445E-4],[72.0,2.8484617E-4],[73.0,2.8484617E-4],[74.0,5.380428E-4],[75.0,6.0134195E-4],[76.0,4.4309406E-4],[77.0,3.7979492E-4],[78.0,2.2154703E-4],[79.0,5.063932E-4],[80.0,4.4309406E-4],[81.0,1.5824787E-4],[82.0,3.4814535E-4],[83.0,5.063932E-4],[84.0,2.531966E-4],[85.0,3.4814535E-4],[86.0,1.5824787E-4],[87.0,2.531966E-4],[88.0,2.8484617E-4],[89.0,4.114445E-4],[90.0,1.5824787E-4],[91.0,3.7979492E-4],[92.0,3.4814535E-4],[93.0,2.8484617E-4],[94.0,6.329915E-5],[95.0,2.2154703E-4],[96.0,2.8484617E-4],[97.0,3.1649575E-4],[98.0,1.8989746E-4],[99.0,2.531966E-4],[100.0,2.531966E-4],[101.0,1.5824787E-4],[102.0,1.5824787E-4],[103.0,1.265983E-4],[104.0,2.2154703E-4],[105.0,1.8989746E-4],[106.0,1.5824787E-4],[107.0,1.265983E-4],[108.0,1.5824787E-4],[109.0,2.2154703E-4],[110.0,1.8989746E-4],[111.0,1.265983E-4],[112.0,1.265983E-4],[113.0,1.5824787E-4],[114.0,6.329915E-5],[115.0,6.329915E-5],[116.0,2.531966E-4],[117.0,9.494873E-5],[118.0,3.1649575E-5],[119.0,9.494873E-5],[120.0,1.8989746E-4],[121.0,9.494873E-5],[122.0,1.5824787E-4],[123.0,1.265983E-4],[124.0,2.2154703E-4],[125.0,3.1649575E-5],[126.0,9.494873E-5],[127.0,1.5824787E-4],[128.0,1.8989746E-4],[129.0,9.494873E-5],[130.0,1.265983E-4],[131.0,6.329915E-5],[132.0,9.494873E-5],[133.0,1.5824787E-4],[134.0,1.265983E-4],[135.0,9.494873E-5],[136.0,3.1649575E-5],[137.0,1.5824787E-4],[138.0,6.329915E-5],[139.0,3.1649575E-5],[140.0,1.265983E-4],[141.0,6.329915E-5],[142.0,6.329915E-5],[143.0,1.265983E-4],[144.0,1.265983E-4],[145.0,6.329915E-5],[147.0,1.265983E-4],[148.0,6.329915E-5],[149.0,1.265983E-4],[150.0,6.329915E-5],[151.0,9.494873E-5],[152.0,3.1649575E-5],[153.0,6.329915E-5],[154.0,3.1649575E-5],[156.0,3.1649575E-5],[157.0,1.265983E-4],[158.0,9.494873E-5],[159.0,6.329915E-5],[160.0,6.329915E-5],[161.0,3.1649575E-5],[162.0,6.329915E-5],[163.0,3.1649575E-5],[165.0,3.1649575E-5],[168.0,3.1649575E-5],[169.0,6.329915E-5],[170.0,6.329915E-5],[172.0,3.1649575E-5],[173.0,6.329915E-5],[174.0,3.1649575E-5],[176.0,3.1649575E-5],[177.0,3.1649575E-5],[181.0,3.1649575E-5],[197.0,3.1649575E-5],[199.0,3.1649575E-5],[203.0,3.1649575E-5],[216.0,3.1649575E-5],[233.0,3.1649575E-5],[437.0,3.1649575E-5],[526.0,3.1649575E-5],[609.0,3.1649575E-5],[620.0,3.1649575E-5],[762.0,3.1649575E-5],[763.0,3.1649575E-5],[806.0,3.1649575E-5],[866.0,3.1649575E-5],[907.0,3.1649575E-5],[921.0,3.1649575E-5],[1202.0,3.1649575E-5],[1207.0,3.1649575E-5],[1209.0,3.1649575E-5],[1259.0,3.1649575E-5],[1515.0,3.1649575E-5]],"quartiles":"[-24.0, -5.0, -3.0, 0.0, 1515.0]"}
