{"Hour":3,"density_function":[[-20.0,0.009090909],[-16.0,0.009090909],[-13.0,0.009090909],[-12.0,0.018181818],[-11.0,0.036363635],[-10.0,0.009090909],[-9.0,0.027272727],[-8.0,0.036363635],[-7.0,0.009090909],[-6.0,0.009090909],[-5.0,0.036363635],[-4.0,0.027272727],[-3.0,0.036363635],[-2.0,0.009090909],[-1.0,0.036363635],[0.0,0.07272727],[1.0,0.027272727],[2.0,0.009090909],[4.0,0.009090909],[6.0,0.027272727],[7.0,0.009090909],[8.0,0.009090909],[9.0,0.009090909],[13.0,0.009090909],[14.0,0.009090909],[15.0,0.009090909],[17.0,0.018181818],[18.0,0.009090909],[19.0,0.009090909],[21.0,0.009090909],[23.0,0.027272727],[24.0,0.018181818],[25.0,0.009090909],[26.0,0.009090909],[32.0,0.009090909],[51.0,0.009090909],[64.0,0.009090909],[66.0,0.009090909],[73.0,0.009090909],[76.0,0.018181818],[79.0,0.009090909],[80.0,0.009090909],[90.0,0.009090909],[91.0,0.009090909],[92.0,0.009090909],[97.0,0.009090909],[104.0,0.009090909],[105.0,0.009090909],[108.0,0.009090909],[118.0,0.009090909],[120.0,0.009090909],[145.0,0.009090909],[147.0,0.009090909],[148.0,0.009090909],[155.0,0.009090909],[156.0,0.009090909],[158.0,0.018181818],[173.0,0.009090909],[182.0,0.009090909],[187.0,0.009090909],[192.0,0.018181818],[196.0,0.009090909],[199.0,0.009090909],[240.0,0.009090909],[241.0,0.009090909],[285.0,0.009090909],[297.0,0.009090909],[309.0,0.009090909],[330.0,0.009090909],[355.0,0.009090909],[417.0,0.009090909],[500.0,0.009090909]],"quartiles":"[-20.0, -3.0, 13.0, 104.0, 500.0]"}
