{"Hour":0,"density_function":[[-20.0,0.0010968922],[-19.0,3.6563072E-4],[-18.0,0.0010968922],[-17.0,7.3126145E-4],[-16.0,7.3126145E-4],[-15.0,0.0010968922],[-14.0,0.0021937843],[-13.0,0.002559415],[-12.0,0.0047531994],[-11.0,0.0043875687],[-10.0,0.007678245],[-9.0,0.011334552],[-8.0,0.017915905],[-7.0,0.022669105],[-6.0,0.026325412],[-5.0,0.033272393],[-4.0,0.040219378],[-3.0,0.044972576],[-2.0,0.038391225],[-1.0,0.03546618],[0.0,0.034369286],[1.0,0.018281536],[2.0,0.02998172],[3.0,0.018647166],[4.0,0.017184643],[5.0,0.013528337],[6.0,0.014625229],[7.0,0.011334552],[8.0,0.011334552],[9.0,0.014259598],[10.0,0.009140768],[11.0,0.008409507],[12.0,0.01023766],[13.0,0.007678245],[14.0,0.008409507],[15.0,0.009506399],[16.0,0.00987203],[17.0,0.009140768],[18.0,0.0069469837],[19.0,0.0058500916],[20.0,0.006581353],[21.0,0.009506399],[22.0,0.0073126145],[23.0,0.005484461],[24.0,0.006581353],[25.0,0.0058500916],[26.0,0.002559415],[27.0,0.005484461],[28.0,0.0032906765],[29.0,0.0032906765],[30.0,0.0036563072],[31.0,0.005484461],[32.0,0.0029250458],[33.0,0.0058500916],[34.0,0.005484461],[35.0,0.0047531994],[36.0,0.0018281536],[37.0,0.0014625229],[38.0,0.00511883],[39.0,0.0043875687],[40.0,0.004021938],[41.0,0.002559415],[42.0,0.0043875687],[43.0,0.0021937843],[44.0,0.0029250458],[45.0,0.002559415],[46.0,0.0047531994],[47.0,0.0043875687],[48.0,0.0018281536],[49.0,0.0036563072],[50.0,0.0036563072],[51.0,0.00511883],[52.0,0.0032906765],[53.0,0.0029250458],[54.0,0.0018281536],[55.0,0.004021938],[56.0,0.0036563072],[57.0,0.0036563072],[58.0,0.0014625229],[59.0,0.002559415],[60.0,0.002559415],[61.0,0.0029250458],[62.0,0.0021937843],[63.0,0.0032906765],[64.0,0.0032906765],[65.0,0.0018281536],[66.0,0.002559415],[67.0,0.0010968922],[68.0,0.0018281536],[69.0,0.0014625229],[70.0,0.0029250458],[71.0,0.002559415],[72.0,0.0014625229],[73.0,0.0014625229],[74.0,0.0010968922],[75.0,0.0010968922],[76.0,0.0029250458],[77.0,0.0014625229],[78.0,0.0010968922],[79.0,0.0021937843],[80.0,0.0021937843],[81.0,7.3126145E-4],[82.0,0.0021937843],[83.0,0.0010968922],[84.0,0.0021937843],[85.0,0.0029250458],[86.0,0.0014625229],[87.0,0.0018281536],[88.0,3.6563072E-4],[89.0,0.0010968922],[90.0,0.0014625229],[91.0,0.0014625229],[92.0,3.6563072E-4],[93.0,0.0021937843],[94.0,0.0014625229],[95.0,0.0014625229],[96.0,0.0010968922],[97.0,0.0018281536],[98.0,7.3126145E-4],[99.0,0.0010968922],[101.0,0.0018281536],[102.0,0.002559415],[103.0,0.0014625229],[104.0,0.0018281536],[105.0,0.0014625229],[106.0,7.3126145E-4],[107.0,0.0029250458],[108.0,3.6563072E-4],[109.0,0.0018281536],[110.0,0.0014625229],[111.0,0.0014625229],[112.0,0.0018281536],[113.0,0.0018281536],[114.0,7.3126145E-4],[115.0,3.6563072E-4],[116.0,0.0014625229],[117.0,0.002559415],[118.0,0.0021937843],[119.0,0.0021937843],[120.0,0.0014625229],[121.0,7.3126145E-4],[122.0,0.0018281536],[123.0,0.0018281536],[124.0,0.0018281536],[125.0,7.3126145E-4],[126.0,0.0010968922],[127.0,0.002559415],[128.0,0.0021937843],[129.0,0.0021937843],[130.0,0.0021937843],[131.0,0.0021937843],[132.0,0.0014625229],[133.0,0.0010968922],[134.0,0.0018281536],[135.0,0.0032906765],[136.0,0.0036563072],[137.0,0.0021937843],[138.0,0.0014625229],[139.0,0.0014625229],[140.0,0.0018281536],[141.0,0.0014625229],[142.0,0.0014625229],[143.0,0.0018281536],[144.0,0.002559415],[145.0,0.0018281536],[146.0,0.0010968922],[147.0,0.0014625229],[148.0,0.002559415],[149.0,0.0010968922],[150.0,0.0010968922],[151.0,0.0029250458],[153.0,7.3126145E-4],[154.0,0.0018281536],[155.0,0.0029250458],[156.0,0.0010968922],[157.0,7.3126145E-4],[158.0,0.002559415],[160.0,7.3126145E-4],[161.0,0.0014625229],[163.0,0.0010968922],[164.0,3.6563072E-4],[165.0,7.3126145E-4],[166.0,0.0018281536],[167.0,0.0010968922],[168.0,7.3126145E-4],[170.0,0.0014625229],[171.0,0.0014625229],[172.0,7.3126145E-4],[173.0,7.3126145E-4],[174.0,0.0018281536],[175.0,0.0010968922],[176.0,3.6563072E-4],[177.0,0.0010968922],[178.0,7.3126145E-4],[179.0,0.0010968922],[180.0,3.6563072E-4],[181.0,7.3126145E-4],[182.0,3.6563072E-4],[183.0,0.0018281536],[185.0,3.6563072E-4],[186.0,0.002559415],[187.0,7.3126145E-4],[188.0,7.3126145E-4],[189.0,0.0010968922],[190.0,7.3126145E-4],[191.0,3.6563072E-4],[193.0,3.6563072E-4],[195.0,3.6563072E-4],[196.0,7.3126145E-4],[197.0,0.0014625229],[198.0,3.6563072E-4],[199.0,0.0010968922],[200.0,0.0010968922],[201.0,0.0010968922],[202.0,7.3126145E-4],[203.0,0.0014625229],[205.0,0.0014625229],[206.0,7.3126145E-4],[207.0,0.0010968922],[208.0,7.3126145E-4],[209.0,7.3126145E-4],[210.0,3.6563072E-4],[211.0,7.3126145E-4],[212.0,7.3126145E-4],[213.0,0.0010968922],[214.0,7.3126145E-4],[217.0,7.3126145E-4],[218.0,7.3126145E-4],[219.0,0.0010968922],[220.0,3.6563072E-4],[222.0,3.6563072E-4],[223.0,0.0014625229],[224.0,3.6563072E-4],[225.0,3.6563072E-4],[226.0,0.0010968922],[227.0,3.6563072E-4],[228.0,7.3126145E-4],[229.0,0.0010968922],[230.0,0.0014625229],[231.0,3.6563072E-4],[232.0,3.6563072E-4],[233.0,0.0010968922],[234.0,3.6563072E-4],[235.0,0.0010968922],[236.0,3.6563072E-4],[237.0,7.3126145E-4],[238.0,3.6563072E-4],[241.0,7.3126145E-4],[242.0,7.3126145E-4],[243.0,3.6563072E-4],[244.0,0.0014625229],[245.0,3.6563072E-4],[247.0,7.3126145E-4],[248.0,3.6563072E-4],[249.0,7.3126145E-4],[250.0,0.0010968922],[251.0,3.6563072E-4],[252.0,3.6563072E-4],[253.0,7.3126145E-4],[254.0,3.6563072E-4],[256.0,7.3126145E-4],[257.0,0.0014625229],[258.0,3.6563072E-4],[259.0,7.3126145E-4],[261.0,0.0010968922],[262.0,3.6563072E-4],[263.0,7.3126145E-4],[264.0,3.6563072E-4],[265.0,3.6563072E-4],[266.0,0.0010968922],[267.0,3.6563072E-4],[270.0,0.0010968922],[271.0,3.6563072E-4],[272.0,3.6563072E-4],[273.0,7.3126145E-4],[276.0,7.3126145E-4],[278.0,3.6563072E-4],[281.0,3.6563072E-4],[284.0,3.6563072E-4],[286.0,7.3126145E-4],[291.0,3.6563072E-4],[293.0,3.6563072E-4],[295.0,3.6563072E-4],[296.0,3.6563072E-4],[299.0,3.6563072E-4],[300.0,3.6563072E-4],[303.0,3.6563072E-4],[305.0,3.6563072E-4],[306.0,3.6563072E-4],[307.0,3.6563072E-4],[308.0,3.6563072E-4],[311.0,3.6563072E-4],[314.0,3.6563072E-4],[317.0,7.3126145E-4],[320.0,7.3126145E-4],[325.0,7.3126145E-4],[327.0,3.6563072E-4],[329.0,7.3126145E-4],[330.0,3.6563072E-4],[331.0,3.6563072E-4],[337.0,3.6563072E-4],[342.0,3.6563072E-4],[343.0,3.6563072E-4],[346.0,7.3126145E-4],[348.0,3.6563072E-4],[352.0,3.6563072E-4],[356.0,3.6563072E-4],[362.0,3.6563072E-4],[365.0,3.6563072E-4],[368.0,3.6563072E-4],[369.0,7.3126145E-4],[377.0,3.6563072E-4],[378.0,3.6563072E-4],[381.0,3.6563072E-4],[384.0,3.6563072E-4],[391.0,3.6563072E-4],[392.0,3.6563072E-4],[414.0,3.6563072E-4],[421.0,3.6563072E-4],[430.0,3.6563072E-4],[467.0,3.6563072E-4],[499.0,3.6563072E-4],[504.0,3.6563072E-4],[574.0,3.6563072E-4],[618.0,3.6563072E-4],[686.0,3.6563072E-4],[788.0,3.6563072E-4],[1042.0,3.6563072E-4]],"quartiles":"[-20.0, -2.0, 12.0, 69.0, 1042.0]"}
