{"Hour":15,"density_function":[[-26.0,3.254149E-5],[-25.0,3.254149E-5],[-23.0,3.254149E-5],[-21.0,3.254149E-5],[-20.0,9.762447E-5],[-19.0,1.3016596E-4],[-18.0,1.9524894E-4],[-17.0,3.579564E-4],[-16.0,6.833713E-4],[-15.0,0.0013342011],[-14.0,0.00218028],[-13.0,0.0029612756],[-12.0,0.0040676864],[-11.0,0.0063130492],[-10.0,0.014578587],[-9.0,0.016108038],[-8.0,0.024438659],[-7.0,0.035242435],[-6.0,0.045297753],[-5.0,0.067425966],[-4.0,0.070647575],[-3.0,0.0751383],[-2.0,0.07126586],[-1.0,0.06589652],[0.0,0.060787503],[1.0,0.0309795],[2.0,0.02489424],[3.0,0.021542467],[4.0,0.019459812],[5.0,0.018027985],[6.0,0.016628701],[7.0,0.015782623],[8.0,0.014350797],[9.0,0.013634885],[10.0,0.0125284735],[11.0,0.010673609],[12.0,0.010803775],[13.0,0.009111618],[14.0,0.007972665],[15.0,0.008916369],[16.0,0.007224211],[17.0,0.00741946],[18.0,0.0063130492],[19.0,0.006508298],[20.0,0.0065408396],[21.0,0.006443215],[22.0,0.0052066385],[23.0,0.0055320533],[24.0,0.00458835],[25.0,0.004913765],[26.0,0.004718516],[27.0,0.0042629354],[28.0,0.004132769],[29.0,0.003970062],[30.0,0.004555809],[31.0,0.0034168565],[32.0,0.0035470224],[33.0,0.0033517736],[34.0,0.003123983],[35.0,0.0027985682],[36.0,0.0029938172],[37.0,0.0025707777],[38.0,0.003123983],[39.0,0.002375529],[40.0,0.001854865],[41.0,0.002375529],[42.0,0.0024731532],[43.0,0.001789782],[44.0,0.0018223234],[45.0,0.0019524894],[46.0,0.0015619915],[47.0,0.001464367],[48.0,0.0019199479],[49.0,0.001659616],[50.0,0.0019199479],[51.0,0.0018223234],[52.0,0.0016921575],[53.0,0.0016921575],[54.0,0.0014318256],[55.0,0.0016270746],[56.0,0.0011389522],[57.0,0.0013992841],[58.0,0.0012040351],[59.0,0.0011389522],[60.0,0.0011064106],[61.0,9.111617E-4],[62.0,0.0011714937],[63.0,0.0010413277],[64.0,0.0011064106],[65.0,0.0011389522],[66.0,7.484543E-4],[67.0,9.437032E-4],[68.0,9.111617E-4],[69.0,5.532053E-4],[70.0,5.2066386E-4],[71.0,0.0011064106],[72.0,0.0011714937],[73.0,8.4607874E-4],[74.0,8.4607874E-4],[75.0,6.182883E-4],[76.0,0.0011064106],[77.0,5.8574683E-4],[78.0,6.182883E-4],[79.0,5.2066386E-4],[80.0,7.159128E-4],[81.0,8.4607874E-4],[82.0,6.182883E-4],[83.0,9.437032E-4],[84.0,6.833713E-4],[85.0,4.5558086E-4],[86.0,6.833713E-4],[87.0,7.159128E-4],[88.0,6.508298E-4],[89.0,5.2066386E-4],[90.0,5.532053E-4],[91.0,7.159128E-4],[92.0,5.532053E-4],[93.0,6.182883E-4],[94.0,6.182883E-4],[95.0,4.2303937E-4],[96.0,6.182883E-4],[97.0,4.8812234E-4],[98.0,3.9049788E-4],[99.0,5.8574683E-4],[100.0,8.135373E-4],[101.0,5.2066386E-4],[102.0,4.2303937E-4],[103.0,3.9049788E-4],[104.0,4.2303937E-4],[105.0,5.8574683E-4],[106.0,3.254149E-4],[107.0,1.9524894E-4],[108.0,5.2066386E-4],[109.0,3.254149E-4],[110.0,3.579564E-4],[111.0,3.579564E-4],[112.0,2.2779043E-4],[113.0,4.8812234E-4],[114.0,3.579564E-4],[115.0,3.579564E-4],[116.0,2.2779043E-4],[117.0,2.2779043E-4],[118.0,2.6033193E-4],[119.0,1.3016596E-4],[120.0,2.9287342E-4],[121.0,1.6270745E-4],[122.0,2.6033193E-4],[123.0,3.254149E-4],[124.0,2.2779043E-4],[125.0,3.579564E-4],[126.0,1.9524894E-4],[127.0,2.9287342E-4],[128.0,3.254149E-4],[129.0,2.6033193E-4],[130.0,9.762447E-5],[131.0,3.579564E-4],[132.0,3.254149E-5],[133.0,4.8812234E-4],[134.0,1.3016596E-4],[135.0,2.2779043E-4],[136.0,2.2779043E-4],[137.0,1.6270745E-4],[138.0,2.6033193E-4],[139.0,1.6270745E-4],[140.0,1.9524894E-4],[141.0,9.762447E-5],[142.0,2.6033193E-4],[143.0,9.762447E-5],[144.0,2.9287342E-4],[145.0,2.9287342E-4],[146.0,1.9524894E-4],[147.0,2.6033193E-4],[148.0,2.9287342E-4],[149.0,9.762447E-5],[150.0,3.254149E-5],[151.0,1.6270745E-4],[152.0,3.254149E-5],[153.0,1.9524894E-4],[154.0,9.762447E-5],[155.0,1.3016596E-4],[156.0,3.254149E-5],[157.0,1.6270745E-4],[158.0,2.2779043E-4],[159.0,1.6270745E-4],[160.0,3.254149E-5],[161.0,1.6270745E-4],[162.0,9.762447E-5],[163.0,1.6270745E-4],[165.0,9.762447E-5],[166.0,2.2779043E-4],[167.0,9.762447E-5],[168.0,1.3016596E-4],[169.0,1.3016596E-4],[170.0,1.3016596E-4],[171.0,1.3016596E-4],[172.0,3.254149E-5],[173.0,1.9524894E-4],[174.0,6.508298E-5],[176.0,6.508298E-5],[177.0,9.762447E-5],[178.0,9.762447E-5],[179.0,9.762447E-5],[180.0,1.6270745E-4],[181.0,6.508298E-5],[182.0,9.762447E-5],[183.0,3.254149E-5],[184.0,3.254149E-5],[186.0,2.6033193E-4],[187.0,1.3016596E-4],[188.0,1.6270745E-4],[189.0,1.6270745E-4],[190.0,1.6270745E-4],[191.0,1.6270745E-4],[192.0,1.3016596E-4],[193.0,6.508298E-5],[194.0,3.254149E-5],[195.0,6.508298E-5],[196.0,6.508298E-5],[197.0,9.762447E-5],[198.0,3.254149E-5],[200.0,6.508298E-5],[202.0,6.508298E-5],[204.0,3.254149E-5],[205.0,3.254149E-5],[206.0,1.6270745E-4],[208.0,6.508298E-5],[209.0,6.508298E-5],[210.0,1.6270745E-4],[212.0,6.508298E-5],[213.0,1.3016596E-4],[214.0,3.254149E-5],[215.0,9.762447E-5],[216.0,3.254149E-5],[217.0,1.9524894E-4],[218.0,3.254149E-5],[219.0,1.3016596E-4],[222.0,3.254149E-5],[223.0,9.762447E-5],[224.0,6.508298E-5],[225.0,9.762447E-5],[226.0,6.508298E-5],[227.0,9.762447E-5],[228.0,9.762447E-5],[230.0,9.762447E-5],[231.0,9.762447E-5],[233.0,3.254149E-5],[234.0,9.762447E-5],[237.0,3.254149E-5],[238.0,6.508298E-5],[239.0,6.508298E-5],[240.0,3.254149E-5],[241.0,3.254149E-5],[242.0,3.254149E-5],[243.0,6.508298E-5],[244.0,6.508298E-5],[245.0,3.254149E-5],[247.0,3.254149E-5],[248.0,3.254149E-5],[249.0,9.762447E-5],[250.0,3.254149E-5],[251.0,3.254149E-5],[253.0,9.762447E-5],[254.0,6.508298E-5],[255.0,3.254149E-5],[256.0,3.254149E-5],[258.0,3.254149E-5],[259.0,6.508298E-5],[260.0,3.254149E-5],[261.0,3.254149E-5],[262.0,3.254149E-5],[263.0,3.254149E-5],[264.0,1.3016596E-4],[266.0,3.254149E-5],[267.0,3.254149E-5],[268.0,3.254149E-5],[269.0,3.254149E-5],[271.0,3.254149E-5],[272.0,3.254149E-5],[278.0,6.508298E-5],[280.0,3.254149E-5],[281.0,3.254149E-5],[284.0,3.254149E-5],[286.0,3.254149E-5],[288.0,6.508298E-5],[290.0,3.254149E-5],[291.0,3.254149E-5],[292.0,6.508298E-5],[297.0,6.508298E-5],[299.0,9.762447E-5],[301.0,3.254149E-5],[302.0,3.254149E-5],[306.0,6.508298E-5],[310.0,3.254149E-5],[312.0,3.254149E-5],[314.0,6.508298E-5],[315.0,3.254149E-5],[326.0,6.508298E-5],[327.0,6.508298E-5],[330.0,6.508298E-5],[333.0,3.254149E-5],[334.0,6.508298E-5],[336.0,3.254149E-5],[339.0,3.254149E-5],[342.0,3.254149E-5],[343.0,6.508298E-5],[350.0,3.254149E-5],[352.0,6.508298E-5],[354.0,6.508298E-5],[359.0,3.254149E-5],[363.0,3.254149E-5],[368.0,3.254149E-5],[370.0,3.254149E-5],[375.0,3.254149E-5],[376.0,3.254149E-5],[381.0,3.254149E-5],[382.0,3.254149E-5],[384.0,3.254149E-5],[386.0,3.254149E-5],[399.0,3.254149E-5],[405.0,3.254149E-5],[414.0,3.254149E-5],[432.0,3.254149E-5],[442.0,3.254149E-5],[487.0,3.254149E-5],[488.0,3.254149E-5],[495.0,3.254149E-5],[502.0,3.254149E-5],[510.0,3.254149E-5],[514.0,3.254149E-5],[518.0,3.254149E-5],[528.0,3.254149E-5],[538.0,3.254149E-5],[555.0,3.254149E-5],[562.0,3.254149E-5],[584.0,3.254149E-5],[587.0,3.254149E-5],[595.0,3.254149E-5],[618.0,3.254149E-5],[644.0,3.254149E-5],[1041.0,3.254149E-5],[1076.0,3.254149E-5]],"quartiles":"[-26.0, -4.0, -1.0, 10.0, 1076.0]"}
