{"Hour":21,"density_function":[[-28.0,1.0955903E-4],[-27.0,5.4779513E-5],[-25.0,5.4779513E-5],[-24.0,1.0955903E-4],[-23.0,1.0955903E-4],[-22.0,1.6433853E-4],[-21.0,1.6433853E-4],[-20.0,3.834566E-4],[-19.0,3.834566E-4],[-18.0,2.7389757E-4],[-17.0,8.216927E-4],[-16.0,8.764722E-4],[-15.0,0.0011503698],[-14.0,0.0018625035],[-13.0,0.0030128732],[-12.0,0.0038893453],[-11.0,0.005697069],[-10.0,0.011832375],[-9.0,0.015064366],[-8.0,0.021528348],[-7.0,0.026239386],[-6.0,0.038564775],[-5.0,0.053738702],[-4.0,0.05483429],[-3.0,0.06058614],[-2.0,0.057682827],[-1.0,0.052588332],[0.0,0.04365927],[1.0,0.02476034],[2.0,0.018515475],[3.0,0.01342098],[4.0,0.014845248],[5.0,0.013859217],[6.0,0.012161052],[7.0,0.0119967135],[8.0,0.010627225],[9.0,0.0099698715],[10.0,0.010846344],[11.0,0.00903862],[12.0,0.009476855],[13.0,0.008600383],[14.0,0.0075047933],[15.0,0.007833471],[16.0,0.006409203],[17.0,0.008052588],[18.0,0.0075047933],[19.0,0.0070117777],[20.0,0.0067926594],[21.0,0.006628321],[22.0,0.0053136125],[23.0,0.0055875103],[24.0,0.0056422898],[25.0,0.0061353054],[26.0,0.0049849357],[27.0,0.0049849357],[28.0,0.0054779514],[29.0,0.004875377],[30.0,0.006190085],[31.0,0.004053684],[32.0,0.00449192],[33.0,0.0042180223],[34.0,0.0046562585],[35.0,0.0044371407],[36.0,0.0038893453],[37.0,0.0045466996],[38.0,0.004053684],[39.0,0.0039989045],[40.0,0.004272802],[41.0,0.0036154478],[42.0,0.0031224322],[43.0,0.0032867708],[44.0,0.0032867708],[45.0,0.0035606683],[46.0,0.003944125],[47.0,0.0038345659],[48.0,0.0038345659],[49.0,0.002574637],[50.0,0.0036154478],[51.0,0.0024102984],[52.0,0.0027389757],[53.0,0.0029580938],[54.0,0.0033963297],[55.0,0.0035058889],[56.0,0.0035606683],[57.0,0.0028485346],[58.0,0.0033415502],[59.0,0.0027937551],[60.0,0.0032319913],[61.0,0.0021911806],[62.0,0.0035606683],[63.0,0.0027937551],[64.0,0.0021911806],[65.0,0.002903314],[66.0,0.0029580938],[67.0,0.0026841962],[68.0,0.0023007395],[69.0,0.0020816214],[70.0,0.0025198576],[71.0,0.002355519],[72.0,0.0016981649],[73.0,0.0013147083],[74.0,0.0023007395],[75.0,0.002026842],[76.0,0.00224596],[77.0,0.0017529444],[78.0,0.0018625035],[79.0,0.0020816214],[80.0,0.0017529444],[81.0,0.0019172829],[82.0,0.0020816214],[83.0,0.0017529444],[84.0,0.0019720625],[85.0,0.0012599288],[86.0,0.0013694878],[87.0,0.0016433854],[88.0,0.0019172829],[89.0,0.0013694878],[90.0,0.0018077239],[91.0,0.0024650781],[92.0,0.0013694878],[93.0,0.0013147083],[94.0,0.0018625035],[95.0,0.0014790469],[96.0,0.0010408107],[97.0,0.0017529444],[98.0,0.0015886058],[99.0,0.0013147083],[100.0,0.0012051492],[101.0,0.0018625035],[102.0,0.0012599288],[103.0,0.0013694878],[104.0,0.0011503698],[105.0,0.0014790469],[106.0,0.0014242673],[107.0,0.0010955903],[108.0,0.0013694878],[109.0,9.860313E-4],[110.0,0.0010408107],[111.0,0.0016981649],[112.0,0.0012599288],[113.0,0.0015338263],[114.0,0.0012051492],[115.0,0.0010408107],[116.0,6.5735413E-4],[117.0,0.0010955903],[118.0,9.860313E-4],[119.0,0.0010408107],[120.0,9.860313E-4],[121.0,8.764722E-4],[122.0,9.3125174E-4],[123.0,3.2867707E-4],[124.0,3.834566E-4],[125.0,6.025746E-4],[126.0,9.3125174E-4],[127.0,7.1213365E-4],[128.0,8.216927E-4],[129.0,8.216927E-4],[130.0,0.0010408107],[131.0,5.4779515E-4],[132.0,8.764722E-4],[133.0,9.3125174E-4],[134.0,7.669132E-4],[135.0,3.2867707E-4],[136.0,6.025746E-4],[137.0,7.669132E-4],[138.0,3.834566E-4],[139.0,6.5735413E-4],[140.0,3.834566E-4],[141.0,6.025746E-4],[142.0,6.025746E-4],[143.0,7.1213365E-4],[144.0,6.5735413E-4],[145.0,8.216927E-4],[146.0,7.1213365E-4],[147.0,7.669132E-4],[148.0,7.669132E-4],[149.0,4.382361E-4],[150.0,2.7389757E-4],[151.0,6.025746E-4],[152.0,6.5735413E-4],[153.0,3.834566E-4],[154.0,7.669132E-4],[155.0,6.5735413E-4],[156.0,4.382361E-4],[157.0,4.382361E-4],[158.0,8.764722E-4],[159.0,3.2867707E-4],[160.0,7.1213365E-4],[161.0,3.834566E-4],[162.0,2.7389757E-4],[163.0,5.4779515E-4],[164.0,5.4779515E-4],[165.0,6.025746E-4],[166.0,7.1213365E-4],[167.0,4.930156E-4],[168.0,3.834566E-4],[169.0,2.7389757E-4],[170.0,5.4779515E-4],[171.0,4.930156E-4],[172.0,2.7389757E-4],[173.0,1.6433853E-4],[174.0,6.025746E-4],[175.0,5.4779515E-4],[176.0,3.834566E-4],[177.0,3.2867707E-4],[178.0,3.2867707E-4],[179.0,2.1911805E-4],[180.0,4.930156E-4],[181.0,2.7389757E-4],[182.0,2.7389757E-4],[183.0,4.382361E-4],[184.0,3.2867707E-4],[185.0,1.6433853E-4],[186.0,3.2867707E-4],[187.0,1.6433853E-4],[188.0,3.834566E-4],[189.0,4.382361E-4],[190.0,3.2867707E-4],[191.0,3.834566E-4],[192.0,2.1911805E-4],[193.0,3.2867707E-4],[194.0,5.4779515E-4],[195.0,4.930156E-4],[196.0,1.6433853E-4],[197.0,3.2867707E-4],[198.0,3.2867707E-4],[199.0,2.1911805E-4],[200.0,1.0955903E-4],[201.0,1.0955903E-4],[202.0,2.1911805E-4],[203.0,2.1911805E-4],[204.0,1.0955903E-4],[205.0,2.7389757E-4],[206.0,4.382361E-4],[207.0,2.1911805E-4],[208.0,3.2867707E-4],[209.0,3.834566E-4],[210.0,6.5735413E-4],[211.0,1.6433853E-4],[212.0,3.834566E-4],[213.0,1.0955903E-4],[214.0,2.1911805E-4],[215.0,2.7389757E-4],[216.0,2.7389757E-4],[217.0,1.0955903E-4],[218.0,2.7389757E-4],[219.0,2.7389757E-4],[220.0,2.7389757E-4],[221.0,3.2867707E-4],[222.0,2.1911805E-4],[223.0,5.4779513E-5],[224.0,2.1911805E-4],[225.0,1.0955903E-4],[226.0,3.2867707E-4],[227.0,2.1911805E-4],[228.0,2.1911805E-4],[229.0,3.834566E-4],[230.0,1.6433853E-4],[231.0,2.7389757E-4],[232.0,3.2867707E-4],[233.0,2.7389757E-4],[234.0,1.0955903E-4],[235.0,2.1911805E-4],[237.0,1.6433853E-4],[238.0,1.0955903E-4],[239.0,5.4779513E-5],[240.0,1.0955903E-4],[241.0,1.6433853E-4],[242.0,1.0955903E-4],[243.0,1.6433853E-4],[244.0,2.7389757E-4],[245.0,1.6433853E-4],[246.0,5.4779513E-5],[247.0,1.6433853E-4],[248.0,1.0955903E-4],[249.0,1.6433853E-4],[250.0,1.6433853E-4],[251.0,1.0955903E-4],[252.0,2.1911805E-4],[253.0,2.1911805E-4],[254.0,1.0955903E-4],[255.0,5.4779513E-5],[256.0,5.4779513E-5],[258.0,5.4779513E-5],[259.0,1.6433853E-4],[260.0,1.0955903E-4],[261.0,1.6433853E-4],[262.0,5.4779513E-5],[264.0,1.6433853E-4],[265.0,1.0955903E-4],[266.0,5.4779513E-5],[267.0,1.6433853E-4],[268.0,1.0955903E-4],[269.0,1.0955903E-4],[270.0,1.0955903E-4],[271.0,1.0955903E-4],[272.0,5.4779513E-5],[274.0,5.4779513E-5],[276.0,1.0955903E-4],[278.0,5.4779513E-5],[279.0,5.4779513E-5],[283.0,5.4779513E-5],[284.0,1.0955903E-4],[287.0,1.0955903E-4],[289.0,1.0955903E-4],[290.0,1.0955903E-4],[292.0,1.0955903E-4],[293.0,5.4779513E-5],[294.0,5.4779513E-5],[295.0,5.4779513E-5],[296.0,1.0955903E-4],[300.0,5.4779513E-5],[301.0,1.0955903E-4],[303.0,5.4779513E-5],[308.0,1.0955903E-4],[309.0,5.4779513E-5],[310.0,1.0955903E-4],[315.0,5.4779513E-5],[316.0,1.0955903E-4],[318.0,5.4779513E-5],[319.0,5.4779513E-5],[320.0,5.4779513E-5],[323.0,5.4779513E-5],[324.0,5.4779513E-5],[325.0,2.1911805E-4],[327.0,5.4779513E-5],[330.0,5.4779513E-5],[337.0,5.4779513E-5],[342.0,5.4779513E-5],[346.0,5.4779513E-5],[347.0,5.4779513E-5],[348.0,5.4779513E-5],[349.0,5.4779513E-5],[352.0,1.0955903E-4],[353.0,5.4779513E-5],[354.0,5.4779513E-5],[357.0,5.4779513E-5],[358.0,5.4779513E-5],[359.0,5.4779513E-5],[360.0,5.4779513E-5],[364.0,5.4779513E-5],[367.0,5.4779513E-5],[378.0,5.4779513E-5],[382.0,5.4779513E-5],[383.0,5.4779513E-5],[385.0,5.4779513E-5],[387.0,5.4779513E-5],[396.0,5.4779513E-5],[400.0,5.4779513E-5],[401.0,5.4779513E-5],[403.0,1.0955903E-4],[416.0,5.4779513E-5],[424.0,5.4779513E-5],[434.0,5.4779513E-5],[442.0,5.4779513E-5],[450.0,5.4779513E-5],[452.0,5.4779513E-5],[484.0,5.4779513E-5],[492.0,5.4779513E-5],[494.0,5.4779513E-5],[503.0,5.4779513E-5],[512.0,5.4779513E-5],[562.0,5.4779513E-5],[564.0,5.4779513E-5],[568.0,5.4779513E-5],[625.0,5.4779513E-5],[645.0,5.4779513E-5],[813.0,5.4779513E-5],[831.0,5.4779513E-5],[880.0,5.4779513E-5],[883.0,5.4779513E-5],[913.0,5.4779513E-5],[929.0,5.4779513E-5]],"quartiles":"[-28.0, -3.0, 3.0, 35.0, 929.0]"}
