{"Hour":20,"density_function":[[-39.0,4.1820007E-5],[-36.0,4.1820007E-5],[-35.0,8.3640014E-5],[-34.0,4.1820007E-5],[-33.0,4.1820007E-5],[-32.0,4.1820007E-5],[-31.0,4.1820007E-5],[-30.0,8.3640014E-5],[-29.0,8.3640014E-5],[-28.0,8.3640014E-5],[-27.0,4.1820007E-5],[-26.0,2.5092004E-4],[-25.0,8.3640014E-5],[-24.0,4.1820007E-5],[-23.0,1.2546002E-4],[-22.0,1.2546002E-4],[-21.0,3.3456006E-4],[-20.0,5.8548007E-4],[-19.0,6.691201E-4],[-18.0,6.273001E-4],[-17.0,8.7822013E-4],[-16.0,0.0011291401],[-15.0,0.0015891603],[-14.0,0.0025928405],[-13.0,0.0028437604],[-12.0,0.0036383406],[-11.0,0.005018401],[-10.0,0.012587822],[-9.0,0.012336902],[-8.0,0.018149883],[-7.0,0.028228505],[-6.0,0.037721645],[-5.0,0.05499331],[-4.0,0.05482603],[-3.0,0.05938441],[-2.0,0.054407828],[-1.0,0.051522247],[0.0,0.046754766],[1.0,0.023962865],[2.0,0.019739043],[3.0,0.017271662],[4.0,0.015933422],[5.0,0.015347943],[6.0,0.0131314825],[7.0,0.012002342],[8.0,0.011793242],[9.0,0.011709602],[10.0,0.012629642],[11.0,0.010329542],[12.0,0.010831382],[13.0,0.010120441],[14.0,0.009325862],[15.0,0.009994982],[16.0,0.008113082],[17.0,0.009325862],[18.0,0.008489462],[19.0,0.007736701],[20.0,0.008029441],[21.0,0.008405821],[22.0,0.006063901],[23.0,0.007151221],[24.0,0.006482101],[25.0,0.0054366007],[26.0,0.006356641],[27.0,0.005562061],[28.0,0.005603881],[29.0,0.004976581],[30.0,0.005311141],[31.0,0.005185681],[32.0,0.005227501],[33.0,0.004767481],[34.0,0.004265641],[35.0,0.004432921],[36.0,0.0048929406],[37.0,0.004474741],[38.0,0.0048929406],[39.0,0.0042238208],[40.0,0.0038892606],[41.0,0.0034710607],[42.0,0.0035128805],[43.0,0.0032619606],[44.0,0.0040147207],[45.0,0.0038056206],[46.0,0.0033456006],[47.0,0.0033456006],[48.0,0.0035128805],[49.0,0.0036801605],[50.0,0.0033874204],[51.0,0.0030528605],[52.0,0.0033037805],[53.0,0.0031783206],[54.0,0.0029274004],[55.0,0.0029692205],[56.0,0.0032619606],[57.0,0.0025928405],[58.0,0.0025092005],[59.0,0.0028437604],[60.0,0.0022582803],[61.0,0.0025510204],[62.0,0.0024673804],[63.0,0.0023837404],[64.0,0.0020073603],[65.0,0.0021746403],[66.0,0.0023837404],[67.0,0.0021746403],[68.0,0.0019237204],[69.0,0.0022164604],[70.0,0.0023001004],[71.0,0.0019237204],[72.0,0.0015473403],[73.0,0.0019655402],[74.0,0.0020910003],[75.0,0.0021328204],[76.0,0.0016728003],[77.0,0.0019237204],[78.0,0.0017564403],[79.0,0.0017146203],[80.0,0.0018819002],[81.0,0.0017564403],[82.0,0.0015055202],[83.0,0.0012964202],[84.0,0.0015473403],[85.0,0.0013800602],[86.0,0.0013382402],[87.0,0.0015891603],[88.0,0.0012546002],[89.0,0.0012127802],[90.0,0.0012127802],[91.0,0.0011709601],[92.0,0.0011709601],[93.0,0.0010036802],[94.0,0.0010873202],[95.0,0.0010036802],[96.0,9.618602E-4],[97.0,0.0015473403],[98.0,0.0012127802],[99.0,0.0013800602],[100.0,6.691201E-4],[101.0,0.0015055202],[102.0,0.0010455002],[103.0,0.0011709601],[104.0,0.0010455002],[105.0,7.527601E-4],[106.0,0.0015055202],[107.0,0.0010455002],[108.0,7.9458015E-4],[109.0,0.0012964202],[110.0,6.691201E-4],[111.0,5.436601E-4],[112.0,9.618602E-4],[113.0,0.0010036802],[114.0,7.9458015E-4],[115.0,0.0012127802],[116.0,9.200401E-4],[117.0,4.1820007E-4],[118.0,0.0010455002],[119.0,4.6002006E-4],[120.0,5.436601E-4],[121.0,5.436601E-4],[122.0,3.7638005E-4],[123.0,5.8548007E-4],[124.0,7.109401E-4],[125.0,4.6002006E-4],[126.0,6.691201E-4],[127.0,5.436601E-4],[128.0,7.527601E-4],[129.0,0.0010455002],[130.0,5.018401E-4],[131.0,5.018401E-4],[132.0,6.273001E-4],[133.0,4.6002006E-4],[134.0,0.0010873202],[135.0,7.527601E-4],[136.0,5.8548007E-4],[137.0,6.691201E-4],[138.0,5.018401E-4],[139.0,4.6002006E-4],[140.0,6.691201E-4],[141.0,4.6002006E-4],[142.0,4.6002006E-4],[143.0,4.6002006E-4],[144.0,5.436601E-4],[145.0,7.9458015E-4],[146.0,5.436601E-4],[147.0,4.1820007E-4],[148.0,5.018401E-4],[149.0,5.436601E-4],[150.0,3.7638005E-4],[151.0,5.8548007E-4],[152.0,2.9274003E-4],[153.0,4.6002006E-4],[154.0,6.691201E-4],[155.0,2.9274003E-4],[156.0,4.6002006E-4],[157.0,2.9274003E-4],[158.0,6.691201E-4],[159.0,2.5092004E-4],[160.0,3.3456006E-4],[161.0,3.7638005E-4],[162.0,1.6728003E-4],[163.0,4.6002006E-4],[164.0,4.6002006E-4],[165.0,2.9274003E-4],[166.0,4.6002006E-4],[167.0,3.7638005E-4],[168.0,2.9274003E-4],[169.0,5.018401E-4],[170.0,2.9274003E-4],[171.0,8.3640014E-5],[172.0,4.1820007E-4],[173.0,3.7638005E-4],[174.0,1.2546002E-4],[175.0,2.0910004E-4],[176.0,4.1820007E-4],[177.0,4.1820007E-4],[178.0,3.7638005E-4],[179.0,6.273001E-4],[180.0,2.9274003E-4],[181.0,4.6002006E-4],[182.0,3.3456006E-4],[183.0,5.018401E-4],[184.0,3.7638005E-4],[185.0,2.5092004E-4],[186.0,1.6728003E-4],[187.0,2.9274003E-4],[188.0,1.6728003E-4],[189.0,2.9274003E-4],[190.0,3.7638005E-4],[191.0,3.3456006E-4],[192.0,1.2546002E-4],[193.0,2.5092004E-4],[194.0,8.3640014E-5],[195.0,2.0910004E-4],[196.0,1.6728003E-4],[197.0,2.0910004E-4],[198.0,2.5092004E-4],[199.0,1.6728003E-4],[200.0,2.5092004E-4],[201.0,1.6728003E-4],[202.0,1.6728003E-4],[203.0,2.0910004E-4],[204.0,1.6728003E-4],[205.0,2.0910004E-4],[206.0,2.9274003E-4],[207.0,3.3456006E-4],[208.0,4.1820007E-5],[209.0,8.3640014E-5],[210.0,1.2546002E-4],[211.0,1.6728003E-4],[212.0,1.6728003E-4],[213.0,2.5092004E-4],[214.0,1.6728003E-4],[215.0,8.3640014E-5],[216.0,1.6728003E-4],[217.0,8.3640014E-5],[218.0,2.0910004E-4],[219.0,4.1820007E-5],[220.0,8.3640014E-5],[221.0,2.5092004E-4],[222.0,1.2546002E-4],[223.0,4.1820007E-5],[224.0,8.3640014E-5],[225.0,1.2546002E-4],[228.0,4.1820007E-5],[229.0,4.1820007E-5],[230.0,4.1820007E-5],[231.0,1.2546002E-4],[232.0,8.3640014E-5],[233.0,2.0910004E-4],[234.0,4.1820007E-5],[235.0,2.0910004E-4],[236.0,2.0910004E-4],[237.0,4.1820007E-5],[238.0,1.2546002E-4],[240.0,8.3640014E-5],[241.0,4.1820007E-5],[242.0,4.1820007E-5],[243.0,1.2546002E-4],[244.0,1.2546002E-4],[245.0,8.3640014E-5],[246.0,8.3640014E-5],[248.0,8.3640014E-5],[250.0,4.1820007E-5],[251.0,8.3640014E-5],[252.0,8.3640014E-5],[253.0,4.1820007E-5],[254.0,4.1820007E-5],[255.0,8.3640014E-5],[256.0,8.3640014E-5],[258.0,4.1820007E-5],[259.0,8.3640014E-5],[260.0,4.1820007E-5],[261.0,1.2546002E-4],[262.0,4.1820007E-5],[264.0,1.2546002E-4],[265.0,4.1820007E-5],[266.0,8.3640014E-5],[268.0,4.1820007E-5],[269.0,1.2546002E-4],[270.0,4.1820007E-5],[272.0,4.1820007E-5],[273.0,1.2546002E-4],[279.0,1.6728003E-4],[281.0,4.1820007E-5],[284.0,4.1820007E-5],[285.0,4.1820007E-5],[286.0,1.2546002E-4],[288.0,4.1820007E-5],[289.0,4.1820007E-5],[292.0,4.1820007E-5],[293.0,4.1820007E-5],[294.0,4.1820007E-5],[295.0,8.3640014E-5],[296.0,4.1820007E-5],[301.0,4.1820007E-5],[304.0,4.1820007E-5],[306.0,4.1820007E-5],[307.0,8.3640014E-5],[308.0,8.3640014E-5],[310.0,4.1820007E-5],[311.0,4.1820007E-5],[312.0,4.1820007E-5],[313.0,1.2546002E-4],[315.0,4.1820007E-5],[319.0,4.1820007E-5],[320.0,4.1820007E-5],[323.0,8.3640014E-5],[324.0,4.1820007E-5],[336.0,4.1820007E-5],[340.0,4.1820007E-5],[341.0,4.1820007E-5],[345.0,4.1820007E-5],[348.0,4.1820007E-5],[355.0,4.1820007E-5],[356.0,4.1820007E-5],[358.0,4.1820007E-5],[362.0,4.1820007E-5],[366.0,4.1820007E-5],[369.0,1.2546002E-4],[371.0,4.1820007E-5],[373.0,4.1820007E-5],[378.0,8.3640014E-5],[385.0,4.1820007E-5],[394.0,4.1820007E-5],[395.0,4.1820007E-5],[406.0,4.1820007E-5],[408.0,4.1820007E-5],[416.0,1.2546002E-4],[421.0,4.1820007E-5],[425.0,4.1820007E-5],[429.0,8.3640014E-5],[433.0,4.1820007E-5],[436.0,4.1820007E-5],[447.0,4.1820007E-5],[448.0,4.1820007E-5],[451.0,4.1820007E-5],[454.0,4.1820007E-5],[479.0,4.1820007E-5],[496.0,4.1820007E-5],[515.0,4.1820007E-5],[517.0,4.1820007E-5],[533.0,4.1820007E-5],[560.0,4.1820007E-5],[568.0,4.1820007E-5],[570.0,4.1820007E-5],[617.0,4.1820007E-5],[648.0,4.1820007E-5],[729.0,4.1820007E-5],[755.0,4.1820007E-5],[777.0,4.1820007E-5],[816.0,4.1820007E-5],[844.0,4.1820007E-5],[863.0,4.1820007E-5],[866.0,4.1820007E-5]],"quartiles":"[-39.0, -3.0, 3.0, 29.0, 866.0]"}
